id,city,address,zip code,latitude,longitude,features,name,ownership,storeNumber,Mobile Payment,Digital Rewards,LaBoulange,Bakery,My Starbucks Rewards,Wireless Hotspot,Drive-Thru,Oven-warmed Food,Verismo,Mobile Order and Pay,Music Experience,Lunch,tbd - Blonde Espresso,Google Wi-Fi,Nitro Cold Brew,Starbucks Reserve-Clover Brewed,Playbook Store System,tbd - Coffee Scale
12797,Stillwater,2021 Market Dr,55082,45.037086,-92.840645,"[{u'code': u'CD', u'name': u'Mobile Payment'}, {u'code': u'DR', u'name': u'Digital Rewards'}, {u'code': u'LB', u'name': u'LaBoulange'}, {u'code': u'BA', u'name': u'Bakery'}, {u'code': u'RW', u'name': u'My Starbucks Rewards'}]",Target Stillwater T-931,LS,76130-88841,1,1,1,1,1,0,0,0,0,0,0,0,0,0,0,0,0,0
9656,Stillwater,5801 Neal Ave N,55082,45.032512,-92.844614,"[{u'code': u'WF', u'name': u'Wireless Hotspot'}, {u'code': u'LB', u'name': u'LaBoulange'}, {u'code': u'BA', u'name': u'Bakery'}]",Kowalski-Stillwater/Oak Park,LS,79211-97807,0,0,1,1,0,1,0,0,0,0,0,0,0,0,0,0,0,0
17327,Oak Park Heights,5980 Neal Ave. N.,55082,45.034542,-92.845985,"[{u'code': u'DT', u'name': u'Drive-Thru'}, {u'code': u'WA', u'name': u'Oven-warmed Food'}, {u'code': u'WF', u'name': u'Wireless Hotspot'}, {u'code': u'VS', u'name': u'Verismo'}, {u'code': u'CD', u'name': u'Mobile Payment'}, {u'code': u'DR', u'name': u'Digital Rewards'}, {u'code': u'LB', u'name': u'LaBoulange'}, {u'code': u'XO', u'name': u'Mobile Order and Pay'}, {u'code': u'MX', u'name': u'Music Experience'}, {u'code': u'LU', u'name': u'Lunch'}, {u'code': u'BE', u'name': u'tbd - Blonde Espresso'}]",Hwy 36 and Hwy 5 - 5980 Neal,CO,13347-106328,1,1,1,0,0,1,1,1,1,1,1,1,1,0,0,0,0,0
1019139,Hudson,2401 Coulee Rd,54016,44.966231,-92.722639,[],TARGET HUDSON T-1235,LS,52138-280449,0,0,0,0,0,0,0,0,0,0,0,0,0,0,0,0,0,0
7917,Hudson,1001 Pearson Dr.,54016,44.959621,-92.720443,"[{u'code': u'DT', u'name': u'Drive-Thru'}, {u'code': u'WA', u'name': u'Oven-warmed Food'}, {u'code': u'VS', u'name': u'Verismo'}, {u'code': u'CD', u'name': u'Mobile Payment'}, {u'code': u'DR', u'name': u'Digital Rewards'}, {u'code': u'LB', u'name': u'LaBoulange'}, {u'code': u'GO', u'name': u'Google Wi-Fi'}, {u'code': u'XO', u'name': u'Mobile Order and Pay'}, {u'code': u'MX', u'name': u'Music Experience'}, {u'code': u'NB', u'name': u'Nitro Cold Brew'}, {u'code': u'LU', u'name': u'Lunch'}, {u'code': u'BE', u'name': u'tbd - Blonde Espresso'}]",Hudson-I-94 & Carmichael,CO,10123-98419,1,1,1,0,0,0,1,1,1,1,1,1,1,1,1,0,0,0
1008945,Woodbury,610 Woodbury Dr.,55125,44.939993,-92.903995,"[{u'code': u'DT', u'name': u'Drive-Thru'}, {u'code': u'CL', u'name': u'Starbucks Reserve-Clover Brewed'}, {u'code': u'WA', u'name': u'Oven-warmed Food'}, {u'code': u'CD', u'name': u'Mobile Payment'}, {u'code': u'LB', u'name': u'LaBoulange'}, {u'code': u'GO', u'name': u'Google Wi-Fi'}, {u'code': u'XO', u'name': u'Mobile Order and Pay'}, {u'code': u'MX', u'name': u'Music Experience'}, {u'code': u'LU', u'name': u'Lunch'}, {u'code': u'RW', u'name': u'My Starbucks Rewards'}, {u'code': u'PS', u'name': u'Playbook Store System'}, {u'code': u'BE', u'name': u'tbd - Blonde Espresso'}]",Woodbury Dr. and Commerce,CO,21296-210564,1,0,1,0,1,0,1,1,0,1,1,1,1,1,0,1,1,0
8387,St. Paul,7900 32nd St N,55128,44.996848,-92.94595,"[{u'code': u'WA', u'name': u'Oven-warmed Food'}, {u'code': u'CD', u'name': u'Mobile Payment'}, {u'code': u'DR', u'name': u'Digital Rewards'}, {u'code': u'LB', u'name': u'LaBoulange'}, {u'code': u'GO', u'name': u'Google Wi-Fi'}, {u'code': u'BA', u'name': u'Bakery'}, {u'code': u'RW', u'name': u'My Starbucks Rewards'}, {u'code': u'PS', u'name': u'Playbook Store System'}]",Target St Paul/Oakdale T-2135,LS,76592-100250,1,1,1,1,1,0,0,1,0,0,0,0,0,1,0,0,1,0
20032,Woodbury,449 Commerce Dr,55125,44.941501,-92.913452,"[{u'code': u'WA', u'name': u'Oven-warmed Food'}, {u'code': u'CD', u'name': u'Mobile Payment'}, {u'code': u'DR', u'name': u'Digital Rewards'}, {u'code': u'LB', u'name': u'LaBoulange'}, {u'code': u'GO', u'name': u'Google Wi-Fi'}, {u'code': u'LU', u'name': u'Lunch'}, {u'code': u'BA', u'name': u'Bakery'}, {u'code': u'RW', u'name': u'My Starbucks Rewards'}, {u'code': u'PS', u'name': u'Playbook Store System'}, {u'code': u'BE', u'name': u'tbd - Blonde Espresso'}]",Target Woodbury East T-2406,LS,15230-138227,1,1,1,1,1,0,0,1,0,0,0,1,1,1,0,0,1,0
13631,Woodbury,8362 Tamarack Village,55125,44.943537,-92.935392,"[{u'code': u'WA', u'name': u'Oven-warmed Food'}, {u'code': u'VS', u'name': u'Verismo'}, {u'code': u'CD', u'name': u'Mobile Payment'}, {u'code': u'DR', u'name': u'Digital Rewards'}, {u'code': u'LB', u'name': u'LaBoulange'}, {u'code': u'GO', u'name': u'Google Wi-Fi'}, {u'code': u'XO', u'name': u'Mobile Order and Pay'}, {u'code': u'MX', u'name': u'Music Experience'}, {u'code': u'LU', u'name': u'Lunch'}, {u'code': u'PS', u'name': u'Playbook Store System'}, {u'code': u'BE', u'name': u'tbd - Blonde Espresso'}]",8362 Tamarack Village,CO,2529-35559,1,1,1,0,0,0,0,1,1,1,1,1,1,1,0,0,1,0
1013305,Oakdale,7180 10th St N,55128,44.964643,-92.960639,"[{u'code': u'WA', u'name': u'Oven-warmed Food'}, {u'code': u'WF', u'name': u'Wireless Hotspot'}, {u'code': u'CD', u'name': u'Mobile Payment'}, {u'code': u'LB', u'name': u'LaBoulange'}, {u'code': u'PS', u'name': u'Playbook Store System'}]",Hy-Vee - Oakdale Main Entrance,LS,27918-247538,1,0,1,0,0,1,0,1,0,0,0,0,0,0,0,0,1,0
1013186,Oakdale,7120 10th St North,55128,44.963803,-92.962575,"[{u'code': u'WA', u'name': u'Oven-warmed Food'}, {u'code': u'LB', u'name': u'LaBoulange'}, {u'code': u'DT', u'name': u'Drive-Thru'}, {u'code': u'LU', u'name': u'Lunch'}, {u'code': u'PS', u'name': u'Playbook Store System'}, {u'code': u'BE', u'name': u'tbd - Blonde Espresso'}]",Hy-Vee Oakdale,LS,26824-243087,0,0,1,0,0,0,1,1,0,0,0,1,1,0,0,0,1,0
11057,Woodbury,8505 Valley Creek Rd.,55125,44.919563,-92.933534,"[{u'code': u'WA', u'name': u'Oven-warmed Food'}, {u'code': u'WF', u'name': u'Wireless Hotspot'}, {u'code': u'LB', u'name': u'LaBoulange'}, {u'code': u'BA', u'name': u'Bakery'}, {u'code': u'RW', u'name': u'My Starbucks Rewards'}, {u'code': u'BE', u'name': u'tbd - Blonde Espresso'}]",Kowalski - Woodbury,LS,72701-27209,0,0,1,1,1,1,0,1,0,0,0,0,1,0,0,0,0,0
1013307,Woodbury,7200 Valley Creek Plaza,55125,44.927168,-92.960317,[],Target Woodbury T-0694,LS,28021-242084,0,0,0,0,0,0,0,0,0,0,0,0,0,0,0,0,0,0
1006448,Woodbury,7230 Valley Creek Rd,55125,44.92505,-92.960696,"[{u'code': u'DT', u'name': u'Drive-Thru'}, {u'code': u'CL', u'name': u'Starbucks Reserve-Clover Brewed'}, {u'code': u'WA', u'name': u'Oven-warmed Food'}, {u'code': u'VS', u'name': u'Verismo'}, {u'code': u'CD', u'name': u'Mobile Payment'}, {u'code': u'DR', u'name': u'Digital Rewards'}, {u'code': u'LB', u'name': u'LaBoulange'}, {u'code': u'GO', u'name': u'Google Wi-Fi'}, {u'code': u'XO', u'name': u'Mobile Order and Pay'}, {u'code': u'MX', u'name': u'Music Experience'}, {u'code': u'LU', u'name': u'Lunch'}, {u'code': u'BE', u'name': u'tbd - Blonde Espresso'}]",7230 Valley Creek Road,CO,2241-213605,1,1,1,0,0,0,1,1,1,1,1,1,1,1,0,1,0,0
1022341,North St. Paul,2199  Hwy 36 E,55109,45.013297,-93.009757,[],TARGET NORTH ST. PAUL T-1185,LS,56276-289226,0,0,0,0,0,0,0,0,0,0,0,0,0,0,0,0,0,0
1014328,White Bear Lake,1950 Buerkle Rd,55110,45.038316,-93.018614,"[{u'code': u'DT', u'name': u'Drive-Thru'}, {u'code': u'WA', u'name': u'Oven-warmed Food'}, {u'code': u'WF', u'name': u'Wireless Hotspot'}, {u'code': u'VS', u'name': u'Verismo'}, {u'code': u'CD', u'name': u'Mobile Payment'}, {u'code': u'DR', u'name': u'Digital Rewards'}, {u'code': u'LB', u'name': u'LaBoulange'}, {u'code': u'GO', u'name': u'Google Wi-Fi'}, {u'code': u'XO', u'name': u'Mobile Order and Pay'}, {u'code': u'MX', u'name': u'Music Experience'}, {u'code': u'LU', u'name': u'Lunch'}, {u'code': u'RW', u'name': u'My Starbucks Rewards'}, {u'code': u'PS', u'name': u'Playbook Store System'}, {u'code': u'CS', u'name': u'tbd - Coffee Scale'}, {u'code': u'BE', u'name': u'tbd - Blonde Espresso'}]",White Bear Ave & I-694,CO,27985-249186,1,1,1,0,1,1,1,1,1,1,1,1,1,1,0,0,1,1
1011772,Woodbury,7760 Hargis Parkway,55129,44.890903,-92.944255,[],Jerry's Foods - Woodbury,LS,25759-235385,0,0,0,0,0,0,0,0,0,0,0,0,0,0,0,0,0,0
13227,White Bear Lake,4391 S. Lake Ave.,55110,45.074223,-93.017115,"[{u'code': u'WA', u'name': u'Oven-warmed Food'}, {u'code': u'WF', u'name': u'Wireless Hotspot'}, {u'code': u'LB', u'name': u'LaBoulange'}, {u'code': u'BA', u'name': u'Bakery'}, {u'code': u'RW', u'name': u'My Starbucks Rewards'}]",Kowalski-White Bear Lake #4727,LS,72719-36379,0,0,1,1,1,1,0,1,0,0,0,0,0,0,0,0,0,0
1006160,St. Paul,1744 Suburban Ave,55106,44.95103,-93.02734,"[{u'code': u'WA', u'name': u'Oven-warmed Food'}, {u'code': u'CD', u'name': u'Mobile Payment'}, {u'code': u'DR', u'name': u'Digital Rewards'}, {u'code': u'LB', u'name': u'LaBoulange'}, {u'code': u'GO', u'name': u'Google Wi-Fi'}, {u'code': u'LU', u'name': u'Lunch'}, {u'code': u'RW', u'name': u'My Starbucks Rewards'}, {u'code': u'PS', u'name': u'Playbook Store System'}]",Target St. Paul T-68,LS,20425-204771,1,1,1,0,1,0,0,1,0,0,0,1,0,1,0,0,1,0
1006159,Vadnais Heights,975 County Rd E,55127,45.050379,-93.062016,"[{u'code': u'DR', u'name': u'Digital Rewards'}, {u'code': u'LB', u'name': u'LaBoulange'}]",Target Vadnais Heights T-751,LS,20341-204767,0,1,1,0,0,0,0,0,0,0,0,0,0,0,0,0,0,0
1015750,Vadnais Heights,1016 E Hwy 96,55127,45.078811,-93.05713,"[{u'code': u'DT', u'name': u'Drive-Thru'}, {u'code': u'WA', u'name': u'Oven-warmed Food'}, {u'code': u'VS', u'name': u'Verismo'}, {u'code': u'DR', u'name': u'Digital Rewards'}, {u'code': u'LB', u'name': u'LaBoulange'}, {u'code': u'GO', u'name': u'Google Wi-Fi'}, {u'code': u'XO', u'name': u'Mobile Order and Pay'}, {u'code': u'LU', u'name': u'Lunch'}, {u'code': u'RW', u'name': u'My Starbucks Rewards'}, {u'code': u'PS', u'name': u'Playbook Store System'}, {u'code': u'BE', u'name': u'tbd - Blonde Espresso'}]",Hwy 96 and Centerville Road,CO,25515-241175,0,1,1,0,1,0,1,1,1,1,0,1,1,1,0,0,1,0
9585,Cottage Grove,7190 East Point Douglas Rd. S.,55016,44.8331,-92.957079,"[{u'code': u'DT', u'name': u'Drive-Thru'}, {u'code': u'WA', u'name': u'Oven-warmed Food'}, {u'code': u'WF', u'name': u'Wireless Hotspot'}, {u'code': u'VS', u'name': u'Verismo'}, {u'code': u'CD', u'name': u'Mobile Payment'}, {u'code': u'DR', u'name': u'Digital Rewards'}, {u'code': u'LB', u'name': u'LaBoulange'}, {u'code': u'XO', u'name': u'Mobile Order and Pay'}, {u'code': u'MX', u'name': u'Music Experience'}, {u'code': u'LU', u'name': u'Lunch'}, {u'code': u'BE', u'name': u'tbd - Blonde Espresso'}]",Cottage Grove-E. Point Douglas,CO,9479-96696,1,1,1,0,0,1,1,1,1,1,1,1,1,0,0,0,0,0
1019349,COTTAGE GROVE,7280 E POINT DOUGLAS RD,55016,44.831517,-92.959779,"[{u'code': u'WA', u'name': u'Oven-warmed Food'}, {u'code': u'CD', u'name': u'Mobile Payment'}]",Hy-Vee Cottage Grove,LS,50771-276115,1,0,0,0,0,0,0,1,0,0,0,0,0,0,0,0,0,0
1005912,Cottage Grove,8655 E Point Douglas Rd S,55016,44.816736,-92.930314,"[{u'code': u'WA', u'name': u'Oven-warmed Food'}, {u'code': u'CD', u'name': u'Mobile Payment'}, {u'code': u'DR', u'name': u'Digital Rewards'}, {u'code': u'LB', u'name': u'LaBoulange'}, {u'code': u'GO', u'name': u'Google Wi-Fi'}, {u'code': u'LU', u'name': u'Lunch'}, {u'code': u'RW', u'name': u'My Starbucks Rewards'}, {u'code': u'PS', u'name': u'Playbook Store System'}]",Target Cottage Grove T-662,LS,20345-204770,1,1,1,0,1,0,0,1,0,0,0,1,0,1,0,0,1,0
1024164,St. Paul,84 South Wabasha,55107,44.939844,-93.089767,[],West Side Flats Starbucks,LS,55976-289397,0,0,0,0,0,0,0,0,0,0,0,0,0,0,0,0,0,0
15646,St. Paul,380 St. Peter St.,55102,44.945363,-93.095257,"[{u'code': u'WA', u'name': u'Oven-warmed Food'}, {u'code': u'CD', u'name': u'Mobile Payment'}, {u'code': u'DR', u'name': u'Digital Rewards'}, {u'code': u'LB', u'name': u'LaBoulange'}, {u'code': u'GO', u'name': u'Google Wi-Fi'}, {u'code': u'XO', u'name': u'Mobile Order and Pay'}, {u'code': u'MX', u'name': u'Music Experience'}, {u'code': u'LU', u'name': u'Lunch'}, {u'code': u'BE', u'name': u'tbd - Blonde Espresso'}]",380 St. Peter St-Lawson Commons,CO,2462-18999,1,1,1,0,0,0,0,1,0,1,1,1,1,1,0,0,0,0
8250,West St. Paul,1470 Roberts St. South,55118,44.901824,-93.08025,"[{u'code': u'DT', u'name': u'Drive-Thru'}, {u'code': u'WA', u'name': u'Oven-warmed Food'}, {u'code': u'VS', u'name': u'Verismo'}, {u'code': u'CD', u'name': u'Mobile Payment'}, {u'code': u'DR', u'name': u'Digital Rewards'}, {u'code': u'LB', u'name': u'LaBoulange'}, {u'code': u'GO', u'name': u'Google Wi-Fi'}, {u'code': u'XO', u'name': u'Mobile Order and Pay'}, {u'code': u'MX', u'name': u'Music Experience'}, {u'code': u'LU', u'name': u'Lunch'}, {u'code': u'BE', u'name': u'tbd - Blonde Espresso'}]",S. Robert & Thompson-West St. Paul,CO,9526-96609,1,1,1,0,0,0,1,1,1,1,1,1,1,1,0,0,0,0
8480,Saint Paul,1750 S Robert St,55118,44.893768,-93.07845,"[{u'code': u'CD', u'name': u'Mobile Payment'}, {u'code': u'DR', u'name': u'Digital Rewards'}, {u'code': u'LB', u'name': u'LaBoulange'}, {u'code': u'BA', u'name': u'Bakery'}, {u'code': u'RW', u'name': u'My Starbucks Rewards'}, {u'code': u'PS', u'name': u'Playbook Store System'}, {u'code': u'BE', u'name': u'tbd - Blonde Espresso'}]",Target Saint Paul ST-2046,LS,76440-97594,1,1,1,1,1,0,0,0,0,0,0,0,1,0,0,0,1,0
1016545,Shoreview,441 Hwy 96 W,55126,45.079517,-93.119852,[],Kowalski's @ Shoreview,LS,49710-266984,0,0,0,0,0,0,0,0,0,0,0,0,0,0,0,0,0,0
16472,Shoreview,3800 N Lexington Ave,55126,45.055847,-93.144711,"[{u'code': u'CD', u'name': u'Mobile Payment'}, {u'code': u'DR', u'name': u'Digital Rewards'}, {u'code': u'LB', u'name': u'LaBoulange'}, {u'code': u'BA', u'name': u'Bakery'}, {u'code': u'RW', u'name': u'My Starbucks Rewards'}, {u'code': u'BE', u'name': u'tbd - Blonde Espresso'}]",Target Shoreview ST-619,LS,72645-32261,1,1,1,1,1,0,0,0,0,0,0,0,1,0,0,0,0,0
1007202,Arden Hills,3833 Lexington Ave N,55126,45.05709,-93.147875,"[{u'code': u'DT', u'name': u'Drive-Thru'}, {u'code': u'CL', u'name': u'Starbucks Reserve-Clover Brewed'}, {u'code': u'WA', u'name': u'Oven-warmed Food'}, {u'code': u'LB', u'name': u'LaBoulange'}, {u'code': u'GO', u'name': u'Google Wi-Fi'}, {u'code': u'XO', u'name': u'Mobile Order and Pay'}, {u'code': u'MX', u'name': u'Music Experience'}, {u'code': u'LU', u'name': u'Lunch'}, {u'code': u'RW', u'name': u'My Starbucks Rewards'}, {u'code': u'BE', u'name': u'tbd - Blonde Espresso'}]",Lexington and Red Fox - Arden Hills,CO,21376-209526,0,0,1,0,1,0,1,1,0,1,1,1,1,1,0,1,0,0
14598,St. Paul,1062 Grand Ave.,55105,44.939827,-93.144813,"[{u'code': u'CL', u'name': u'Starbucks Reserve-Clover Brewed'}, {u'code': u'WA', u'name': u'Oven-warmed Food'}, {u'code': u'VS', u'name': u'Verismo'}, {u'code': u'CD', u'name': u'Mobile Payment'}, {u'code': u'DR', u'name': u'Digital Rewards'}, {u'code': u'LB', u'name': u'LaBoulange'}, {u'code': u'GO', u'name': u'Google Wi-Fi'}, {u'code': u'XO', u'name': u'Mobile Order and Pay'}, {u'code': u'MX', u'name': u'Music Experience'}, {u'code': u'LU', u'name': u'Lunch'}, {u'code': u'PS', u'name': u'Playbook Store System'}, {u'code': u'BE', u'name': u'tbd - Blonde Espresso'}]",St. Paul-Grand Ave & Oxford St,CO,10156-99311,1,1,1,0,0,0,0,1,1,1,1,1,1,1,0,1,1,0
8481,Roseville,1515 W County Rd B,55113,45.007743,-93.16476,"[{u'code': u'CD', u'name': u'Mobile Payment'}, {u'code': u'DR', u'name': u'Digital Rewards'}, {u'code': u'LB', u'name': u'LaBoulange'}, {u'code': u'BA', u'name': u'Bakery'}, {u'code': u'RW', u'name': u'My Starbucks Rewards'}, {u'code': u'PS', u'name': u'Playbook Store System'}, {u'code': u'BE', u'name': u'tbd - Blonde Espresso'}]",Target Roseville ST-2101,LS,76441-90372,1,1,1,1,1,0,0,0,0,0,0,0,1,0,0,0,1,0
7654,St. Paul,1300 University Ave,55401,44.954349,-93.155397,"[{u'code': u'CD', u'name': u'Mobile Payment'}, {u'code': u'DR', u'name': u'Digital Rewards'}, {u'code': u'LB', u'name': u'LaBoulange'}, {u'code': u'BA', u'name': u'Bakery'}, {u'code': u'RW', u'name': u'My Starbucks Rewards'}, {u'code': u'PS', u'name': u'Playbook Store System'}, {u'code': u'BE', u'name': u'tbd - Blonde Espresso'}]",Target - St. Paul T-2229,LS,76771-108255,1,1,1,1,1,0,0,0,0,0,0,0,1,0,0,0,1,0
1015668,Saint Paul,1261 GRAND AVENUE,55105,44.940066,-93.153601,[],Kowalski's - St. Paul,LS,47124-248644,0,0,0,0,0,0,0,0,0,0,0,0,0,0,0,0,0,0
90221,St. Paul,1536 Hewitt Avenue,55104,44.966316,-93.165565,"[{u'code': u'WA', u'name': u'Oven-warmed Food'}, {u'code': u'LB', u'name': u'LaBoulange'}, {u'code': u'LU', u'name': u'Lunch'}, {u'code': u'PS', u'name': u'Playbook Store System'}, {u'code': u'BE', u'name': u'tbd - Blonde Espresso'}]",Hamline University,LS,17498-147376,0,0,1,0,0,0,0,1,0,0,0,1,1,0,0,0,1,0
1009391,Roseville,900 Rosedale CTR,55113,45.014549,-93.174235,"[{u'code': u'WA', u'name': u'Oven-warmed Food'}, {u'code': u'LB', u'name': u'LaBoulange'}, {u'code': u'GO', u'name': u'Google Wi-Fi'}, {u'code': u'PS', u'name': u'Playbook Store System'}, {u'code': u'BE', u'name': u'tbd - Blonde Espresso'}]",Macy's-Rosedale #233,LS,23753-154129,0,0,1,0,0,0,0,1,0,0,0,0,1,1,0,0,1,0
6680,Roseville,1820 Hwy 36,55113,45.007638,-93.176366,"[{u'code': u'DT', u'name': u'Drive-Thru'}, {u'code': u'WA', u'name': u'Oven-warmed Food'}, {u'code': u'VS', u'name': u'Verismo'}, {u'code': u'CD', u'name': u'Mobile Payment'}, {u'code': u'DR', u'name': u'Digital Rewards'}, {u'code': u'LB', u'name': u'LaBoulange'}, {u'code': u'GO', u'name': u'Google Wi-Fi'}, {u'code': u'XO', u'name': u'Mobile Order and Pay'}, {u'code': u'MX', u'name': u'Music Experience'}, {u'code': u'LU', u'name': u'Lunch'}, {u'code': u'BE', u'name': u'tbd - Blonde Espresso'}]",Hwy 36 and Fairview Avenue,CO,13624-106909,1,1,1,0,0,0,1,1,1,1,1,1,1,1,0,0,0,0
18398,Roseville,2305 Fairview Avenue,55113,45.011115,-93.17761,"[{u'code': u'DT', u'name': u'Drive-Thru'}, {u'code': u'WA', u'name': u'Oven-warmed Food'}, {u'code': u'VS', u'name': u'Verismo'}, {u'code': u'CD', u'name': u'Mobile Payment'}, {u'code': u'DR', u'name': u'Digital Rewards'}, {u'code': u'LB', u'name': u'LaBoulange'}, {u'code': u'GO', u'name': u'Google Wi-Fi'}, {u'code': u'XO', u'name': u'Mobile Order and Pay'}, {u'code': u'MX', u'name': u'Music Experience'}, {u'code': u'NB', u'name': u'Nitro Cold Brew'}, {u'code': u'LU', u'name': u'Lunch'}, {u'code': u'BE', u'name': u'tbd - Blonde Espresso'}]",NWC Hwy 36 and Fairview,CO,2209-658,1,1,1,0,0,0,1,1,1,1,1,1,1,1,1,0,0,0
1010267,St. Paul,234 Snelling Avenue North,55104,44.948278,-93.166716,"[{u'code': u'DT', u'name': u'Drive-Thru'}, {u'code': u'WA', u'name': u'Oven-warmed Food'}, {u'code': u'CD', u'name': u'Mobile Payment'}, {u'code': u'DR', u'name': u'Digital Rewards'}, {u'code': u'LB', u'name': u'LaBoulange'}, {u'code': u'GO', u'name': u'Google Wi-Fi'}, {u'code': u'XO', u'name': u'Mobile Order and Pay'}, {u'code': u'MX', u'name': u'Music Experience'}, {u'code': u'LU', u'name': u'Lunch'}, {u'code': u'BE', u'name': u'tbd - Blonde Espresso'}]",Snelling and Marshall,CO,2211-236704,1,1,1,0,0,0,1,1,0,1,1,1,1,1,0,0,0,0
17611,Lino Lakes,749 Apollo Dr,55014,45.182992,-93.105463,"[{u'code': u'CD', u'name': u'Mobile Payment'}, {u'code': u'DR', u'name': u'Digital Rewards'}, {u'code': u'LB', u'name': u'LaBoulange'}, {u'code': u'BA', u'name': u'Bakery'}, {u'code': u'RW', u'name': u'My Starbucks Rewards'}]",Target Lino Lakes ST-1448,LS,72677-64263,1,1,1,1,1,0,0,0,0,0,0,0,0,0,0,0,0,0
89775,Inver Grove Heights,7841 Amana Trl,55077,44.820994,-93.083932,"[{u'code': u'WA', u'name': u'Oven-warmed Food'}, {u'code': u'CD', u'name': u'Mobile Payment'}, {u'code': u'DR', u'name': u'Digital Rewards'}, {u'code': u'LB', u'name': u'LaBoulange'}, {u'code': u'GO', u'name': u'Google Wi-Fi'}, {u'code': u'LU', u'name': u'Lunch'}, {u'code': u'RW', u'name': u'My Starbucks Rewards'}, {u'code': u'PS', u'name': u'Playbook Store System'}]",Target Inver Grove Heights T-2519,LS,16842-138228,1,1,1,0,1,0,0,1,0,0,0,1,0,1,0,0,1,0
1006267,Forest Lake,356 12th St SW,55025,45.274578,-92.998835,"[{u'code': u'DR', u'name': u'Digital Rewards'}, {u'code': u'LB', u'name': u'LaBoulange'}]",Target Forest Lake T-1244,LS,20343-204765,0,1,1,0,0,0,0,0,0,0,0,0,0,0,0,0,0,0
17650,St. Paul,2078 FORD PARKWAY,55116,44.917571,-93.187866,"[{u'code': u'WA', u'name': u'Oven-warmed Food'}, {u'code': u'VS', u'name': u'Verismo'}, {u'code': u'CD', u'name': u'Mobile Payment'}, {u'code': u'DR', u'name': u'Digital Rewards'}, {u'code': u'LB', u'name': u'LaBoulange'}, {u'code': u'GO', u'name': u'Google Wi-Fi'}, {u'code': u'XO', u'name': u'Mobile Order and Pay'}, {u'code': u'MX', u'name': u'Music Experience'}, {u'code': u'LU', u'name': u'Lunch'}, {u'code': u'PS', u'name': u'Playbook Store System'}, {u'code': u'BE', u'name': u'tbd - Blonde Espresso'}]",2078 Ford Parkway,CO,276-1490,1,1,1,0,0,0,0,1,1,1,1,1,1,1,0,0,1,0
9379,Forest Lake,2009 W. Broadway Ave.,55025,45.283415,-93.009329,"[{u'code': u'DT', u'name': u'Drive-Thru'}, {u'code': u'WA', u'name': u'Oven-warmed Food'}, {u'code': u'VS', u'name': u'Verismo'}, {u'code': u'CD', u'name': u'Mobile Payment'}, {u'code': u'DR', u'name': u'Digital Rewards'}, {u'code': u'LB', u'name': u'LaBoulange'}, {u'code': u'GO', u'name': u'Google Wi-Fi'}, {u'code': u'XO', u'name': u'Mobile Order and Pay'}, {u'code': u'MX', u'name': u'Music Experience'}, {u'code': u'LU', u'name': u'Lunch'}, {u'code': u'BE', u'name': u'tbd - Blonde Espresso'}]",Forest Lake,CO,2621-61481,1,1,1,0,0,0,1,1,1,1,1,1,1,1,0,0,0,0
1020064,St. Anthony,3704 Silver Lake Rd NE,55421,45.03725,-93.219058,"[{u'code': u'DT', u'name': u'Drive-Thru'}, {u'code': u'WA', u'name': u'Oven-warmed Food'}, {u'code': u'WF', u'name': u'Wireless Hotspot'}, {u'code': u'VS', u'name': u'Verismo'}, {u'code': u'CD', u'name': u'Mobile Payment'}, {u'code': u'DR', u'name': u'Digital Rewards'}, {u'code': u'LB', u'name': u'LaBoulange'}, {u'code': u'GO', u'name': u'Google Wi-Fi'}, {u'code': u'XO', u'name': u'Mobile Order and Pay'}, {u'code': u'NB', u'name': u'Nitro Cold Brew'}, {u'code': u'LU', u'name': u'Lunch'}, {u'code': u'RW', u'name': u'My Starbucks Rewards'}, {u'code': u'PS', u'name': u'Playbook Store System'}, {u'code': u'BE', u'name': u'tbd - Blonde Espresso'}]",St Anthony - 37th & Silver Lake Rd,CO,48827-265350,1,1,1,0,1,1,1,1,1,1,0,1,1,1,1,0,1,0
7584,Minneapolis,1650 New Brighton Blvd,55413,45.004796,-93.229939,"[{u'code': u'WA', u'name': u'Oven-warmed Food'}, {u'code': u'CD', u'name': u'Mobile Payment'}, {u'code': u'DR', u'name': u'Digital Rewards'}, {u'code': u'LB', u'name': u'LaBoulange'}, {u'code': u'LU', u'name': u'Lunch'}, {u'code': u'RW', u'name': u'My Starbucks Rewards'}, {u'code': u'PS', u'name': u'Playbook Store System'}, {u'code': u'BE', u'name': u'tbd - Blonde Espresso'}]",Target Minneapolis T-1095,LS,76653-94395,1,1,1,0,1,0,0,1,0,0,0,1,1,0,0,0,1,0
12486,Minneapolis,615 Washington Ave SE,55414,44.973956,-93.229931,"[{u'code': u'CL', u'name': u'Starbucks Reserve-Clover Brewed'}, {u'code': u'WA', u'name': u'Oven-warmed Food'}, {u'code': u'CD', u'name': u'Mobile Payment'}, {u'code': u'DR', u'name': u'Digital Rewards'}, {u'code': u'LB', u'name': u'LaBoulange'}, {u'code': u'GO', u'name': u'Google Wi-Fi'}, {u'code': u'XO', u'name': u'Mobile Order and Pay'}, {u'code': u'MX', u'name': u'Music Experience'}, {u'code': u'LU', u'name': u'Lunch'}, {u'code': u'BE', u'name': u'tbd - Blonde Espresso'}]",U of MN - 615 Washington Ave SE,CO,2488-21281,1,1,1,0,0,0,0,1,0,1,1,1,1,1,0,1,0,0
90220,Minneapolis,207 Church St SE,55455,44.974612,-93.233625,"[{u'code': u'WA', u'name': u'Oven-warmed Food'}, {u'code': u'LB', u'name': u'LaBoulange'}, {u'code': u'LU', u'name': u'Lunch'}]",University of Minnesota-Lind Hall,LS,17122-175084,0,0,1,0,0,0,0,1,0,0,0,1,0,0,0,0,0,0
1007209,Minneapolis,425 14th Avenue SE,55414,44.981365,-93.235325,"[{u'code': u'WA', u'name': u'Oven-warmed Food'}, {u'code': u'WF', u'name': u'Wireless Hotspot'}, {u'code': u'CD', u'name': u'Mobile Payment'}, {u'code': u'LB', u'name': u'LaBoulange'}, {u'code': u'GO', u'name': u'Google Wi-Fi'}, {u'code': u'XO', u'name': u'Mobile Order and Pay'}, {u'code': u'MX', u'name': u'Music Experience'}, {u'code': u'LU', u'name': u'Lunch'}, {u'code': u'RW', u'name': u'My Starbucks Rewards'}, {u'code': u'PS', u'name': u'Playbook Store System'}, {u'code': u'CS', u'name': u'tbd - Coffee Scale'}, {u'code': u'BE', u'name': u'tbd - Blonde Espresso'}]",14th and 5th - Dinkytown,CO,23000-226785,1,0,1,0,1,1,0,1,0,1,1,1,1,1,0,0,1,1
1018258,Eagan,1480 Central Park Commons Dr,55122,44.835508,-93.169568,"[{u'code': u'DT', u'name': u'Drive-Thru'}, {u'code': u'WA', u'name': u'Oven-warmed Food'}, {u'code': u'VS', u'name': u'Verismo'}, {u'code': u'CD', u'name': u'Mobile Payment'}, {u'code': u'DR', u'name': u'Digital Rewards'}, {u'code': u'LB', u'name': u'LaBoulange'}, {u'code': u'GO', u'name': u'Google Wi-Fi'}, {u'code': u'XO', u'name': u'Mobile Order and Pay'}, {u'code': u'MX', u'name': u'Music Experience'}, {u'code': u'NB', u'name': u'Nitro Cold Brew'}, {u'code': u'LU', u'name': u'Lunch'}, {u'code': u'BE', u'name': u'tbd - Blonde Espresso'}]",Yankee Doodle and Pilot Knob Road,CO,2469-256466,1,1,1,0,0,0,1,1,1,1,1,1,1,1,1,0,0,0
8251,Rosemount,14903 South Robert Trail,55068,44.732547,-93.127758,"[{u'code': u'DT', u'name': u'Drive-Thru'}, {u'code': u'WA', u'name': u'Oven-warmed Food'}, {u'code': u'VS', u'name': u'Verismo'}, {u'code': u'CD', u'name': u'Mobile Payment'}, {u'code': u'DR', u'name': u'Digital Rewards'}, {u'code': u'LB', u'name': u'LaBoulange'}, {u'code': u'GO', u'name': u'Google Wi-Fi'}, {u'code': u'XO', u'name': u'Mobile Order and Pay'}, {u'code': u'MX', u'name': u'Music Experience'}, {u'code': u'LU', u'name': u'Lunch'}, {u'code': u'PS', u'name': u'Playbook Store System'}, {u'code': u'BE', u'name': u'tbd - Blonde Espresso'}]",Rosemount - CR 42 & Hwy 3,CO,9652-97788,1,1,1,0,0,0,1,1,1,1,1,1,1,1,0,0,1,0
1015936,Eagan,Yankee Doodle Road / Pilot Knob Road,55122,44.836973,-93.171043,[],Hy Vee - Eagan #1165,LS,47509-257827,0,0,0,0,0,0,0,0,0,0,0,0,0,0,0,0,0,0
18637,Eagan,1646 Diffley Road,55122,44.804256,-93.18662,"[{u'code': u'WF', u'name': u'Wireless Hotspot'}, {u'code': u'LB', u'name': u'LaBoulange'}, {u'code': u'BA', u'name': u'Bakery'}, {u'code': u'RW', u'name': u'My Starbucks Rewards'}]",Kowalski's - Eagan,LS,70341-140691,0,0,1,1,1,1,0,0,0,0,0,0,0,0,0,0,0,0
1008939,Eagan,3965 Eagan Outlets Parkway,55122,44.814819,-93.214363,"[{u'code': u'WA', u'name': u'Oven-warmed Food'}, {u'code': u'CD', u'name': u'Mobile Payment'}, {u'code': u'DR', u'name': u'Digital Rewards'}, {u'code': u'LB', u'name': u'LaBoulange'}, {u'code': u'GO', u'name': u'Google Wi-Fi'}, {u'code': u'XO', u'name': u'Mobile Order and Pay'}, {u'code': u'MX', u'name': u'Music Experience'}, {u'code': u'LU', u'name': u'Lunch'}, {u'code': u'PS', u'name': u'Playbook Store System'}, {u'code': u'BE', u'name': u'tbd - Blonde Espresso'}]",Twin Cities Premium Outlets,CO,20688-204064,1,1,1,0,0,0,0,1,0,1,1,1,1,1,0,0,1,0
9224,Eagan,2040 Cliff Rd.,55122,44.789625,-93.210388,"[{u'code': u'DT', u'name': u'Drive-Thru'}, {u'code': u'CL', u'name': u'Starbucks Reserve-Clover Brewed'}, {u'code': u'WA', u'name': u'Oven-warmed Food'}, {u'code': u'CD', u'name': u'Mobile Payment'}, {u'code': u'DR', u'name': u'Digital Rewards'}, {u'code': u'LB', u'name': u'LaBoulange'}, {u'code': u'GO', u'name': u'Google Wi-Fi'}, {u'code': u'XO', u'name': u'Mobile Order and Pay'}, {u'code': u'MX', u'name': u'Music Experience'}, {u'code': u'LU', u'name': u'Lunch'}, {u'code': u'PS', u'name': u'Playbook Store System'}, {u'code': u'BE', u'name': u'tbd - Blonde Espresso'}]",2040 Cliff Road - Eagan,CO,2619-53139,1,1,1,0,0,0,1,1,0,1,1,1,1,1,0,1,1,0
10528,Apple Valley,15560 Pilot Knob Rd,55124,44.72374,-93.17661,"[{u'code': u'WA', u'name': u'Oven-warmed Food'}, {u'code': u'CD', u'name': u'Mobile Payment'}, {u'code': u'LB', u'name': u'LaBoulange'}, {u'code': u'BA', u'name': u'Bakery'}, {u'code': u'RW', u'name': u'My Starbucks Rewards'}, {u'code': u'PS', u'name': u'Playbook Store System'}, {u'code': u'BE', u'name': u'tbd - Blonde Espresso'}]",Target Apple Vly South ST-239,LS,76896-121294,1,0,1,1,1,0,0,1,0,0,0,0,1,0,0,0,1,0
11276,St Paul,4300 Gulmack Drive,55111,44.884646,-93.209842,"[{u'code': u'WF', u'name': u'Wireless Hotspot'}, {u'code': u'DR', u'name': u'Digital Rewards'}, {u'code': u'LB', u'name': u'LaBoulange'}, {u'code': u'BA', u'name': u'Bakery'}, {u'code': u'BE', u'name': u'tbd - Blonde Espresso'}]","MSP Minn Green Concourse, Gate 69",LS,72336-5745,0,1,1,1,0,1,0,0,0,0,0,0,1,0,0,0,0,0
17166,St Paul,4300 Glumack Drive,55111,44.884578,-93.210647,"[{u'code': u'WF', u'name': u'Wireless Hotspot'}, {u'code': u'DR', u'name': u'Digital Rewards'}, {u'code': u'LB', u'name': u'LaBoulange'}, {u'code': u'BA', u'name': u'Bakery'}, {u'code': u'BE', u'name': u'tbd - Blonde Espresso'}]",MSP North Ternimal,LS,75884-101521,0,1,1,1,0,1,0,0,0,0,0,0,1,0,0,0,0,0
11440,St Paul,4300 Gulmack Drive,55111,44.882841,-93.211272,"[{u'code': u'WF', u'name': u'Wireless Hotspot'}, {u'code': u'DR', u'name': u'Digital Rewards'}, {u'code': u'LB', u'name': u'LaBoulange'}, {u'code': u'BA', u'name': u'Bakery'}, {u'code': u'BE', u'name': u'tbd - Blonde Espresso'}]",MSP Minn D6 Baggage Claim Area,LS,75587-80343,0,1,1,1,0,1,0,0,0,0,0,0,1,0,0,0,0,0
1023917,St Paul,4300 Glumack Dr,55111,44.883231,-93.211584,[],MSP Promenade FC,LS,56036-289676,0,0,0,0,0,0,0,0,0,0,0,0,0,0,0,0,0,0
1015119,Lakeville,16150 Pilot Knob Road,55044,44.717215,-93.177032,[],Hy-Vee - Lakeville #1356,LS,26713-243085,0,0,0,0,0,0,0,0,0,0,0,0,0,0,0,0,0,0
1020366,Minneapolis,7150 Humphrey Drive,55450,44.874012,-93.228642,"[{u'code': u'NB', u'name': u'Nitro Cold Brew'}, {u'code': u'BE', u'name': u'tbd - Blonde Espresso'}]",MSP - Terminal 2 (Humphrey Terminal,LS,29476-253064,0,0,0,0,0,0,0,0,0,0,0,0,1,0,1,0,0,0
13666,Bloomington,164 E. Broadway,55425,44.854558,-93.24063,"[{u'code': u'CL', u'name': u'Starbucks Reserve-Clover Brewed'}, {u'code': u'WA', u'name': u'Oven-warmed Food'}, {u'code': u'WF', u'name': u'Wireless Hotspot'}, {u'code': u'VS', u'name': u'Verismo'}, {u'code': u'CD', u'name': u'Mobile Payment'}, {u'code': u'DR', u'name': u'Digital Rewards'}, {u'code': u'LB', u'name': u'LaBoulange'}, {u'code': u'XO', u'name': u'Mobile Order and Pay'}, {u'code': u'MX', u'name': u'Music Experience'}, {u'code': u'LU', u'name': u'Lunch'}, {u'code': u'PS', u'name': u'Playbook Store System'}, {u'code': u'BE', u'name': u'tbd - Blonde Espresso'}]",164 E. Broadway - 1st level MOA,CO,2705-84660,1,1,1,0,0,1,0,1,1,1,1,1,1,0,0,1,1,0
1015526,Bloomington,60 E. Broadway,55425,44.856582,-93.241804,"[{u'code': u'WA', u'name': u'Oven-warmed Food'}, {u'code': u'WF', u'name': u'Wireless Hotspot'}, {u'code': u'CD', u'name': u'Mobile Payment'}, {u'code': u'DR', u'name': u'Digital Rewards'}, {u'code': u'LB', u'name': u'LaBoulange'}, {u'code': u'GO', u'name': u'Google Wi-Fi'}, {u'code': u'XO', u'name': u'Mobile Order and Pay'}, {u'code': u'LU', u'name': u'Lunch'}, {u'code': u'RW', u'name': u'My Starbucks Rewards'}, {u'code': u'PS', u'name': u'Playbook Store System'}, {u'code': u'CS', u'name': u'tbd - Coffee Scale'}, {u'code': u'BE', u'name': u'tbd - Blonde Espresso'}]",MOA 3rd Floor C310,CO,26122-243619,1,1,1,0,1,1,0,1,0,1,0,1,1,1,0,0,1,1
8249,Bloomington,276 West Market Street,55425,44.855062,-93.243339,"[{u'code': u'WA', u'name': u'Oven-warmed Food'}, {u'code': u'VS', u'name': u'Verismo'}, {u'code': u'CD', u'name': u'Mobile Payment'}, {u'code': u'DR', u'name': u'Digital Rewards'}, {u'code': u'LB', u'name': u'LaBoulange'}, {u'code': u'GO', u'name': u'Google Wi-Fi'}, {u'code': u'XO', u'name': u'Mobile Order and Pay'}, {u'code': u'MX', u'name': u'Music Experience'}, {u'code': u'LU', u'name': u'Lunch'}, {u'code': u'BE', u'name': u'tbd - Blonde Espresso'}]",Mall of America II,CO,10077-98295,1,1,1,0,0,0,0,1,1,1,1,1,1,1,0,0,0,0
16233,Apple Valley,15150 Cedar Ave,55124,44.729413,-93.214503,"[{u'code': u'WA', u'name': u'Oven-warmed Food'}, {u'code': u'CD', u'name': u'Mobile Payment'}, {u'code': u'DR', u'name': u'Digital Rewards'}, {u'code': u'LB', u'name': u'LaBoulange'}, {u'code': u'GO', u'name': u'Google Wi-Fi'}, {u'code': u'BA', u'name': u'Bakery'}, {u'code': u'RW', u'name': u'My Starbucks Rewards'}, {u'code': u'PS', u'name': u'Playbook Store System'}, {u'code': u'BE', u'name': u'tbd - Blonde Espresso'}]",Target Apple Valley ST-643,LS,72682-76602,1,1,1,1,1,0,0,1,0,0,0,0,1,1,0,0,1,0
1018181,Apple Valley,7525 147th St W,55124,44.735446,-93.218497,"[{u'code': u'DT', u'name': u'Drive-Thru'}, {u'code': u'WA', u'name': u'Oven-warmed Food'}, {u'code': u'WF', u'name': u'Wireless Hotspot'}, {u'code': u'CD', u'name': u'Mobile Payment'}, {u'code': u'DR', u'name': u'Digital Rewards'}, {u'code': u'LB', u'name': u'LaBoulange'}, {u'code': u'GO', u'name': u'Google Wi-Fi'}, {u'code': u'XO', u'name': u'Mobile Order and Pay'}, {u'code': u'NB', u'name': u'Nitro Cold Brew'}, {u'code': u'LU', u'name': u'Lunch'}, {u'code': u'RW', u'name': u'My Starbucks Rewards'}]",Apple Valley - Cedar and 147th,CO,49954-271967,1,1,1,0,1,1,1,1,0,1,0,1,0,1,1,0,0,0
12798,Blaine,1500 109th Ave NE,55449,45.165493,-93.233396,"[{u'code': u'WA', u'name': u'Oven-warmed Food'}, {u'code': u'CD', u'name': u'Mobile Payment'}, {u'code': u'DR', u'name': u'Digital Rewards'}, {u'code': u'LB', u'name': u'LaBoulange'}, {u'code': u'LU', u'name': u'Lunch'}, {u'code': u'RW', u'name': u'My Starbucks Rewards'}, {u'code': u'PS', u'name': u'Playbook Store System'}, {u'code': u'BE', u'name': u'tbd - Blonde Espresso'}]",Target Blaine ST-1832,LS,76115-88842,1,1,1,0,1,0,0,1,0,0,0,1,1,0,0,0,1,0
1008734,Blaine,1384 109th Avenue,55434,45.167868,-93.235885,"[{u'code': u'DT', u'name': u'Drive-Thru'}, {u'code': u'CL', u'name': u'Starbucks Reserve-Clover Brewed'}, {u'code': u'WA', u'name': u'Oven-warmed Food'}, {u'code': u'DR', u'name': u'Digital Rewards'}, {u'code': u'LB', u'name': u'LaBoulange'}, {u'code': u'XO', u'name': u'Mobile Order and Pay'}, {u'code': u'MX', u'name': u'Music Experience'}, {u'code': u'LU', u'name': u'Lunch'}, {u'code': u'PS', u'name': u'Playbook Store System'}, {u'code': u'BE', u'name': u'tbd - Blonde Espresso'}]",109th and Hwy 65 - Blaine,CO,20107-189627,0,1,1,0,0,0,1,1,0,1,1,1,1,0,0,1,1,0
12271,Andover,2000 Bonker Lake Blvd NW,55304,45.21944,-93.31616,"[{u'code': u'WA', u'name': u'Oven-warmed Food'}, {u'code': u'CD', u'name': u'Mobile Payment'}, {u'code': u'DR', u'name': u'Digital Rewards'}, {u'code': u'LB', u'name': u'LaBoulange'}, {u'code': u'RW', u'name': u'My Starbucks Rewards'}, {u'code': u'PS', u'name': u'Playbook Store System'}]",Target Andover T-2025,LS,76316-95687,1,1,1,0,1,0,0,1,0,0,0,0,0,0,0,0,1,0
17518,Coon Rapids,9920 Foley Blvd,55448,45.150231,-93.276197,"[{u'code': u'DT', u'name': u'Drive-Thru'}, {u'code': u'WA', u'name': u'Oven-warmed Food'}, {u'code': u'VS', u'name': u'Verismo'}, {u'code': u'CD', u'name': u'Mobile Payment'}, {u'code': u'DR', u'name': u'Digital Rewards'}, {u'code': u'LB', u'name': u'LaBoulange'}, {u'code': u'GO', u'name': u'Google Wi-Fi'}, {u'code': u'XO', u'name': u'Mobile Order and Pay'}, {u'code': u'MX', u'name': u'Music Experience'}, {u'code': u'NB', u'name': u'Nitro Cold Brew'}, {u'code': u'LU', u'name': u'Lunch'}, {u'code': u'BE', u'name': u'tbd - Blonde Espresso'}]",Coon Rapids-Foley & Hwy 10,CO,10743-99776,1,1,1,0,0,0,1,1,1,1,1,1,1,1,1,0,0,0
13804,Coon Rapids,8600 Springbrook Dr NW,55433,45.127261,-93.268366,"[{u'code': u'WA', u'name': u'Oven-warmed Food'}, {u'code': u'CD', u'name': u'Mobile Payment'}, {u'code': u'DR', u'name': u'Digital Rewards'}, {u'code': u'LB', u'name': u'LaBoulange'}, {u'code': u'RW', u'name': u'My Starbucks Rewards'}, {u'code': u'PS', u'name': u'Playbook Store System'}]",Target Northtown T-820,LS,76206-88844,1,1,1,0,1,0,0,1,0,0,0,0,0,0,0,0,1,0
1009299,Coon Rapids,3300 124th Ave NW,55433,45.19606,-93.34702,"[{u'code': u'WA', u'name': u'Oven-warmed Food'}, {u'code': u'WF', u'name': u'Wireless Hotspot'}, {u'code': u'LB', u'name': u'LaBoulange'}, {u'code': u'RW', u'name': u'My Starbucks Rewards'}, {u'code': u'PS', u'name': u'Playbook Store System'}]",Target Coon Rapids T-1144,LS,23669-232351,0,0,1,0,1,1,0,1,0,0,0,0,0,0,0,0,1,0
1012889,Coon Rapids,13131 Riverdale Dr NW,55448,45.209026,-93.358432,"[{u'code': u'DT', u'name': u'Drive-Thru'}, {u'code': u'WA', u'name': u'Oven-warmed Food'}, {u'code': u'LB', u'name': u'LaBoulange'}, {u'code': u'GO', u'name': u'Google Wi-Fi'}, {u'code': u'XO', u'name': u'Mobile Order and Pay'}, {u'code': u'MX', u'name': u'Music Experience'}, {u'code': u'LU', u'name': u'Lunch'}, {u'code': u'RW', u'name': u'My Starbucks Rewards'}, {u'code': u'PS', u'name': u'Playbook Store System'}, {u'code': u'CS', u'name': u'tbd - Coffee Scale'}, {u'code': u'BE', u'name': u'tbd - Blonde Espresso'}]",Round Lake Blvd and Northdale,CO,25535-241231,0,0,1,0,1,0,1,1,0,1,1,1,1,1,0,0,1,1
1014064,Fridley,5300 Central Ave NE,55421,45.064645,-93.248778,"[{u'code': u'DT', u'name': u'Drive-Thru'}, {u'code': u'WA', u'name': u'Oven-warmed Food'}, {u'code': u'WF', u'name': u'Wireless Hotspot'}, {u'code': u'CD', u'name': u'Mobile Payment'}, {u'code': u'DR', u'name': u'Digital Rewards'}, {u'code': u'LB', u'name': u'LaBoulange'}, {u'code': u'GO', u'name': u'Google Wi-Fi'}, {u'code': u'XO', u'name': u'Mobile Order and Pay'}, {u'code': u'LU', u'name': u'Lunch'}, {u'code': u'RW', u'name': u'My Starbucks Rewards'}, {u'code': u'PS', u'name': u'Playbook Store System'}, {u'code': u'BE', u'name': u'tbd - Blonde Espresso'}]",Central and 53rd - Fridley,CO,24962-238826,1,1,1,0,1,1,1,1,0,1,0,1,1,1,0,0,1,0
10142,Minneapolis,755 53rd Ave NE,55421,45.066158,-93.251437,"[{u'code': u'WA', u'name': u'Oven-warmed Food'}, {u'code': u'CD', u'name': u'Mobile Payment'}, {u'code': u'DR', u'name': u'Digital Rewards'}, {u'code': u'LB', u'name': u'LaBoulange'}, {u'code': u'LU', u'name': u'Lunch'}, {u'code': u'RW', u'name': u'My Starbucks Rewards'}, {u'code': u'PS', u'name': u'Playbook Store System'}]",Target Mpls/Fridley ST-2200,LS,76625-95375,1,1,1,0,1,0,0,1,0,0,0,1,0,0,0,0,1,0
12800,Champlin,11960 Business Park Blvd N,55316,45.172982,-93.388458,"[{u'code': u'WA', u'name': u'Oven-warmed Food'}, {u'code': u'WF', u'name': u'Wireless Hotspot'}, {u'code': u'CD', u'name': u'Mobile Payment'}, {u'code': u'DR', u'name': u'Digital Rewards'}, {u'code': u'LB', u'name': u'LaBoulange'}, {u'code': u'RW', u'name': u'My Starbucks Rewards'}, {u'code': u'PS', u'name': u'Playbook Store System'}]",Target Champlin ST-1831,LS,76112-88843,1,1,1,0,1,1,0,1,0,0,0,0,0,0,0,0,1,0
1015601,Brooklyn Park,9409 Zane Ave North,55443,45.124535,-93.357507,"[{u'code': u'DT', u'name': u'Drive-Thru'}, {u'code': u'BE', u'name': u'tbd - Blonde Espresso'}]",Hy-vee-Brooklyn Park Drive Thru #1,LS,48065-254734,0,0,0,0,0,0,1,0,0,0,0,0,1,0,0,0,0,0
1015565,Brooklyn Park,9409 Zane Ave North,55443,45.125983,-93.358769,[],Hy Vee @ Brooklyn Park Kiosk,LS,47126-254733,0,0,0,0,0,0,0,0,0,0,0,0,0,0,0,0,0,0
1006679,Brooklyn Park,7000 Target Parkway N,55444,45.135664,-93.370016,"[{u'code': u'WA', u'name': u'Oven-warmed Food'}, {u'code': u'CD', u'name': u'Mobile Payment'}, {u'code': u'LB', u'name': u'LaBoulange'}, {u'code': u'PS', u'name': u'Playbook Store System'}, {u'code': u'BE', u'name': u'tbd - Blonde Espresso'}]",Target North Campus,LS,21555-204764,1,0,1,0,0,0,0,1,0,0,0,0,1,0,0,0,1,0
1007077,Champlin,11223 Aquila Drive,55316,45.158711,-93.390784,"[{u'code': u'DT', u'name': u'Drive-Thru'}, {u'code': u'WA', u'name': u'Oven-warmed Food'}, {u'code': u'LB', u'name': u'LaBoulange'}, {u'code': u'GO', u'name': u'Google Wi-Fi'}, {u'code': u'XO', u'name': u'Mobile Order and Pay'}, {u'code': u'MX', u'name': u'Music Experience'}, {u'code': u'LU', u'name': u'Lunch'}, {u'code': u'RW', u'name': u'My Starbucks Rewards'}, {u'code': u'PS', u'name': u'Playbook Store System'}, {u'code': u'CS', u'name': u'tbd - Coffee Scale'}, {u'code': u'BE', u'name': u'tbd - Blonde Espresso'}]",Hwy 169 and Elm Creek - Champlin,CO,23160-226966,0,0,1,0,1,0,1,1,0,1,1,1,1,1,0,0,1,1
8356,Brooklyn Center,5512 Brooklyn Blvd,55429,45.055266,-93.323226,"[{u'code': u'DT', u'name': u'Drive-Thru'}, {u'code': u'WA', u'name': u'Oven-warmed Food'}, {u'code': u'CD', u'name': u'Mobile Payment'}, {u'code': u'DR', u'name': u'Digital Rewards'}, {u'code': u'LB', u'name': u'LaBoulange'}, {u'code': u'GO', u'name': u'Google Wi-Fi'}, {u'code': u'XO', u'name': u'Mobile Order and Pay'}, {u'code': u'MX', u'name': u'Music Experience'}, {u'code': u'LU', u'name': u'Lunch'}, {u'code': u'PS', u'name': u'Playbook Store System'}, {u'code': u'BE', u'name': u'tbd - Blonde Espresso'}]",Brooklyn Ctr-Brooklyn Blvd. & 55th,CO,9605-97352,1,1,1,0,0,0,1,1,0,1,1,1,1,1,0,0,1,0
1016615,Cambridge,1400 1st Ave East Building B,55008,45.572889,-93.206249,"[{u'code': u'DT', u'name': u'Drive-Thru'}, {u'code': u'WA', u'name': u'Oven-warmed Food'}, {u'code': u'WF', u'name': u'Wireless Hotspot'}, {u'code': u'CD', u'name': u'Mobile Payment'}, {u'code': u'DR', u'name': u'Digital Rewards'}, {u'code': u'LB', u'name': u'LaBoulange'}, {u'code': u'GO', u'name': u'Google Wi-Fi'}, {u'code': u'XO', u'name': u'Mobile Order and Pay'}, {u'code': u'RW', u'name': u'My Starbucks Rewards'}, {u'code': u'PS', u'name': u'Playbook Store System'}, {u'code': u'CS', u'name': u'tbd - Coffee Scale'}, {u'code': u'BE', u'name': u'tbd - Blonde Espresso'}]",Cambridge - Hwy 95 and Hwy 65,CO,48164-261724,1,1,1,0,1,1,1,1,0,1,0,0,1,1,0,0,1,1
13706,Brooklyn Park,7535 W Broadway Ave,55428,45.091169,-93.378348,"[{u'code': u'WA', u'name': u'Oven-warmed Food'}, {u'code': u'CD', u'name': u'Mobile Payment'}, {u'code': u'DR', u'name': u'Digital Rewards'}, {u'code': u'LB', u'name': u'LaBoulange'}, {u'code': u'RW', u'name': u'My Starbucks Rewards'}]",Target Brooklyn Park T-693,LS,76133-88561,1,1,1,0,1,0,0,1,0,0,0,0,0,0,0,0,0,0
1007061,Crystal,5596 W. Broadway Ave.,55428,45.054312,-93.36459,"[{u'code': u'DT', u'name': u'Drive-Thru'}, {u'code': u'CL', u'name': u'Starbucks Reserve-Clover Brewed'}, {u'code': u'WA', u'name': u'Oven-warmed Food'}, {u'code': u'VS', u'name': u'Verismo'}, {u'code': u'LB', u'name': u'LaBoulange'}, {u'code': u'GO', u'name': u'Google Wi-Fi'}, {u'code': u'XO', u'name': u'Mobile Order and Pay'}, {u'code': u'MX', u'name': u'Music Experience'}, {u'code': u'LU', u'name': u'Lunch'}, {u'code': u'RW', u'name': u'My Starbucks Rewards'}, {u'code': u'PS', u'name': u'Playbook Store System'}, {u'code': u'BE', u'name': u'tbd - Blonde Espresso'}]",Bass Lake Rd & Broadway-Crystal,CO,22725-223764,0,0,1,0,1,0,1,1,1,1,1,1,1,1,0,1,1,0
1015152,Red Wing,151 Tyler Rd N,55066,44.569048,-92.584723,[],Target - Red Wing T-1522,LS,29841-254985,0,0,0,0,0,0,0,0,0,0,0,0,0,0,0,0,0,0
14306,Lakeville,16227 Kenrick Ave.,55044,44.71348,-93.280162,"[{u'code': u'DT', u'name': u'Drive-Thru'}, {u'code': u'WA', u'name': u'Oven-warmed Food'}, {u'code': u'VS', u'name': u'Verismo'}, {u'code': u'CD', u'name': u'Mobile Payment'}, {u'code': u'DR', u'name': u'Digital Rewards'}, {u'code': u'LB', u'name': u'LaBoulange'}, {u'code': u'GO', u'name': u'Google Wi-Fi'}, {u'code': u'XO', u'name': u'Mobile Order and Pay'}, {u'code': u'MX', u'name': u'Music Experience'}, {u'code': u'LU', u'name': u'Lunch'}, {u'code': u'PS', u'name': u'Playbook Store System'}, {u'code': u'BE', u'name': u'tbd - Blonde Espresso'}]",16227 Kenrick Ave - I35 & Cty Rd 46,CO,8959-95199,1,1,1,0,0,0,1,1,1,1,1,1,1,1,0,0,1,0
8100,Lakeville,17740 Kenwood Trail,55044,44.692412,-93.283218,"[{u'code': u'DT', u'name': u'Drive-Thru'}, {u'code': u'WA', u'name': u'Oven-warmed Food'}, {u'code': u'VS', u'name': u'Verismo'}, {u'code': u'CD', u'name': u'Mobile Payment'}, {u'code': u'DR', u'name': u'Digital Rewards'}, {u'code': u'LB', u'name': u'LaBoulange'}, {u'code': u'GO', u'name': u'Google Wi-Fi'}, {u'code': u'XO', u'name': u'Mobile Order and Pay'}, {u'code': u'MX', u'name': u'Music Experience'}, {u'code': u'LU', u'name': u'Lunch'}, {u'code': u'BE', u'name': u'tbd - Blonde Espresso'}]",Lakeville - I-35 & Kenwood Trail,CO,9762-97954,1,1,1,0,0,0,1,1,1,1,1,1,1,1,0,0,0,0
9325,Lakeville,18275 Kenrick Ave,55044,44.684693,-93.289403,"[{u'code': u'WA', u'name': u'Oven-warmed Food'}, {u'code': u'CD', u'name': u'Mobile Payment'}, {u'code': u'DR', u'name': u'Digital Rewards'}, {u'code': u'LB', u'name': u'LaBoulange'}, {u'code': u'BA', u'name': u'Bakery'}, {u'code': u'RW', u'name': u'My Starbucks Rewards'}, {u'code': u'PS', u'name': u'Playbook Store System'}, {u'code': u'BE', u'name': u'tbd - Blonde Espresso'}]",Target Lakeville ST-1484,LS,72684-76620,1,1,1,1,1,0,0,1,0,0,0,0,1,0,0,0,1,0
6528,Burnsville,810 County Rd 42W,55337,44.748868,-93.289517,"[{u'code': u'CD', u'name': u'Mobile Payment'}, {u'code': u'DR', u'name': u'Digital Rewards'}, {u'code': u'LB', u'name': u'LaBoulange'}, {u'code': u'BA', u'name': u'Bakery'}, {u'code': u'RW', u'name': u'My Starbucks Rewards'}, {u'code': u'BE', u'name': u'tbd - Blonde Espresso'}]",Target Burnsville ST-2340,LS,76809-110952,1,1,1,1,1,0,0,0,0,0,0,0,1,0,0,0,0,0
1008690,Burnsville,1310 County Road 42 W,55337,44.746896,-93.295509,"[{u'code': u'DT', u'name': u'Drive-Thru'}, {u'code': u'WA', u'name': u'Oven-warmed Food'}, {u'code': u'VS', u'name': u'Verismo'}, {u'code': u'CD', u'name': u'Mobile Payment'}, {u'code': u'DR', u'name': u'Digital Rewards'}, {u'code': u'LB', u'name': u'LaBoulange'}, {u'code': u'GO', u'name': u'Google Wi-Fi'}, {u'code': u'XO', u'name': u'Mobile Order and Pay'}, {u'code': u'MX', u'name': u'Music Experience'}, {u'code': u'LU', u'name': u'Lunch'}, {u'code': u'PS', u'name': u'Playbook Store System'}, {u'code': u'BE', u'name': u'tbd - Blonde Espresso'}]",CR 42 and Burnhaven Dr,CO,23397-220084,1,1,1,0,0,0,1,1,1,1,1,1,1,1,0,0,1,0
13642,Bloomington,704-708 West 98th Street,55420,44.827178,-93.289171,"[{u'code': u'WA', u'name': u'Oven-warmed Food'}, {u'code': u'VS', u'name': u'Verismo'}, {u'code': u'CD', u'name': u'Mobile Payment'}, {u'code': u'DR', u'name': u'Digital Rewards'}, {u'code': u'LB', u'name': u'LaBoulange'}, {u'code': u'GO', u'name': u'Google Wi-Fi'}, {u'code': u'XO', u'name': u'Mobile Order and Pay'}, {u'code': u'MX', u'name': u'Music Experience'}, {u'code': u'LU', u'name': u'Lunch'}, {u'code': u'BE', u'name': u'tbd - Blonde Espresso'}]",98th and Lyndale-Bloomington,CO,2578-36339,1,1,1,0,0,0,0,1,1,1,1,1,1,1,0,0,0,0
18020,Richfield,6445 Richfield Pkwy,55423,44.884343,-93.248499,"[{u'code': u'CD', u'name': u'Mobile Payment'}, {u'code': u'DR', u'name': u'Digital Rewards'}, {u'code': u'LB', u'name': u'LaBoulange'}, {u'code': u'BA', u'name': u'Bakery'}, {u'code': u'RW', u'name': u'My Starbucks Rewards'}]",Target Richfield ST-2300,LS,76815-110950,1,1,1,1,1,0,0,0,0,0,0,0,0,0,0,0,0,0
12970,Minneapolis,218 Como Avenue SE,55414,44.97312,-93.236007,"[{u'code': u'WA', u'name': u'Oven-warmed Food'}, {u'code': u'WF', u'name': u'Wireless Hotspot'}, {u'code': u'LB', u'name': u'LaBoulange'}, {u'code': u'LU', u'name': u'Lunch'}, {u'code': u'BA', u'name': u'Bakery'}, {u'code': u'BE', u'name': u'tbd - Blonde Espresso'}]",U of MN - Coffman Union Bldg,LS,75137-68162,0,0,1,1,0,1,0,1,0,0,0,1,1,0,0,0,0,0
12285,Minneapolis,815 25th Ave.,55454,44.964817,-93.235701,"[{u'code': u'WA', u'name': u'Oven-warmed Food'}, {u'code': u'CD', u'name': u'Mobile Payment'}, {u'code': u'DR', u'name': u'Digital Rewards'}, {u'code': u'LB', u'name': u'LaBoulange'}, {u'code': u'GO', u'name': u'Google Wi-Fi'}, {u'code': u'XO', u'name': u'Mobile Order and Pay'}, {u'code': u'MX', u'name': u'Music Experience'}, {u'code': u'LU', u'name': u'Lunch'}, {u'code': u'BE', u'name': u'tbd - Blonde Espresso'}]",25th and Riverside,CO,295-1494,1,1,1,0,0,0,0,1,0,1,1,1,1,1,0,0,0,0
1021746,Minneapolis,4712 Cedar Ave,55407,44.917799,-93.247542,"[{u'code': u'DT', u'name': u'Drive-Thru'}, {u'code': u'WA', u'name': u'Oven-warmed Food'}, {u'code': u'CD', u'name': u'Mobile Payment'}, {u'code': u'DR', u'name': u'Digital Rewards'}, {u'code': u'LB', u'name': u'LaBoulange'}, {u'code': u'GO', u'name': u'Google Wi-Fi'}, {u'code': u'XO', u'name': u'Mobile Order and Pay'}, {u'code': u'NB', u'name': u'Nitro Cold Brew'}, {u'code': u'LU', u'name': u'Lunch'}, {u'code': u'RW', u'name': u'My Starbucks Rewards'}, {u'code': u'CS', u'name': u'tbd - Coffee Scale'}]",Minneapolis - 47th and Cedar,CO,49134-267164,1,1,1,0,1,0,1,1,0,1,0,1,0,1,1,0,0,1
7303,Minneapolis,2500 E Lake St,55406,44.949336,-93.236363,"[{u'code': u'CD', u'name': u'Mobile Payment'}, {u'code': u'DR', u'name': u'Digital Rewards'}, {u'code': u'LB', u'name': u'LaBoulange'}, {u'code': u'BA', u'name': u'Bakery'}, {u'code': u'RW', u'name': u'My Starbucks Rewards'}, {u'code': u'PS', u'name': u'Playbook Store System'}]",Target Minneapolis T-52,LS,76974-96449,1,1,1,1,1,0,0,0,0,0,0,0,0,0,0,0,1,0
16771,Richfield,7610 Lyndale Ave. South,55423,44.864713,-93.288659,"[{u'code': u'WA', u'name': u'Oven-warmed Food'}, {u'code': u'VS', u'name': u'Verismo'}, {u'code': u'CD', u'name': u'Mobile Payment'}, {u'code': u'DR', u'name': u'Digital Rewards'}, {u'code': u'LB', u'name': u'LaBoulange'}, {u'code': u'GO', u'name': u'Google Wi-Fi'}, {u'code': u'XO', u'name': u'Mobile Order and Pay'}, {u'code': u'MX', u'name': u'Music Experience'}, {u'code': u'LU', u'name': u'Lunch'}, {u'code': u'BE', u'name': u'tbd - Blonde Espresso'}]",Lyndale and 77th,CO,3484-92905,1,1,1,0,0,0,0,1,1,1,1,1,1,1,0,0,0,0
1008940,Elk River,19179 Freeport Ave,55330,45.316908,-93.561642,"[{u'code': u'DT', u'name': u'Drive-Thru'}, {u'code': u'CL', u'name': u'Starbucks Reserve-Clover Brewed'}, {u'code': u'WA', u'name': u'Oven-warmed Food'}, {u'code': u'DR', u'name': u'Digital Rewards'}, {u'code': u'LB', u'name': u'LaBoulange'}, {u'code': u'GO', u'name': u'Google Wi-Fi'}, {u'code': u'XO', u'name': u'Mobile Order and Pay'}, {u'code': u'MX', u'name': u'Music Experience'}, {u'code': u'LU', u'name': u'Lunch'}, {u'code': u'PS', u'name': u'Playbook Store System'}, {u'code': u'BE', u'name': u'tbd - Blonde Espresso'}]",Highway 169 and Freeport-Elk River,CO,20689-206848,0,1,1,0,0,0,1,1,0,1,1,1,1,1,0,1,1,0
10716,Otsego,15800 87th St NE,55330,45.277961,-93.563347,"[{u'code': u'WA', u'name': u'Oven-warmed Food'}, {u'code': u'CD', u'name': u'Mobile Payment'}, {u'code': u'DR', u'name': u'Digital Rewards'}, {u'code': u'LB', u'name': u'LaBoulange'}, {u'code': u'LU', u'name': u'Lunch'}, {u'code': u'RW', u'name': u'My Starbucks Rewards'}, {u'code': u'PS', u'name': u'Playbook Store System'}]",Target Otsego ST-2456,LS,76975-136638,1,1,1,0,1,0,0,1,0,0,0,1,0,0,0,0,1,0
91234,Rogers,13590 Northdale Blvd,55374,45.201177,-93.554136,"[{u'code': u'DT', u'name': u'Drive-Thru'}, {u'code': u'WA', u'name': u'Oven-warmed Food'}, {u'code': u'CD', u'name': u'Mobile Payment'}, {u'code': u'DR', u'name': u'Digital Rewards'}, {u'code': u'LB', u'name': u'LaBoulange'}, {u'code': u'GO', u'name': u'Google Wi-Fi'}, {u'code': u'XO', u'name': u'Mobile Order and Pay'}, {u'code': u'MX', u'name': u'Music Experience'}, {u'code': u'LU', u'name': u'Lunch'}, {u'code': u'PS', u'name': u'Playbook Store System'}, {u'code': u'BE', u'name': u'tbd - Blonde Espresso'}]",Hwy 101 & Diamond Lk Rd-Rogers,CO,18163-182985,1,1,1,0,0,0,1,1,0,1,1,1,1,1,0,0,1,0
16616,Rogers,21615 S Diamond Lake Rd,55374,45.19764,-93.554653,"[{u'code': u'WA', u'name': u'Oven-warmed Food'}, {u'code': u'CD', u'name': u'Mobile Payment'}, {u'code': u'DR', u'name': u'Digital Rewards'}, {u'code': u'LB', u'name': u'LaBoulange'}, {u'code': u'RW', u'name': u'My Starbucks Rewards'}, {u'code': u'PS', u'name': u'Playbook Store System'}]",Target Rogers ST-1456,LS,72678-64266,1,1,1,0,1,0,0,1,0,0,0,0,0,0,0,0,1,0
6527,Maple Grove,15300 Grove Circle N,55369,45.134998,-93.476606,"[{u'code': u'CD', u'name': u'Mobile Payment'}, {u'code': u'DR', u'name': u'Digital Rewards'}, {u'code': u'LB', u'name': u'LaBoulange'}, {u'code': u'RW', u'name': u'My Starbucks Rewards'}, {u'code': u'PS', u'name': u'Playbook Store System'}, {u'code': u'BE', u'name': u'tbd - Blonde Espresso'}]",Target Maple Grove T-2193,LS,76808-99120,1,1,1,0,1,0,0,0,0,0,0,0,1,0,0,0,1,0
91096,Maple Grove,9404 Dunkirk Lane North,55311,45.125304,-93.491093,"[{u'code': u'DT', u'name': u'Drive-Thru'}, {u'code': u'WA', u'name': u'Oven-warmed Food'}, {u'code': u'VS', u'name': u'Verismo'}, {u'code': u'CD', u'name': u'Mobile Payment'}, {u'code': u'DR', u'name': u'Digital Rewards'}, {u'code': u'LB', u'name': u'LaBoulange'}, {u'code': u'GO', u'name': u'Google Wi-Fi'}, {u'code': u'XO', u'name': u'Mobile Order and Pay'}, {u'code': u'MX', u'name': u'Music Experience'}, {u'code': u'LU', u'name': u'Lunch'}, {u'code': u'RW', u'name': u'My Starbucks Rewards'}, {u'code': u'PS', u'name': u'Playbook Store System'}, {u'code': u'BE', u'name': u'tbd - Blonde Espresso'}]",Maple Grove - Dunkirk Square,CO,17564-178944,1,1,1,0,1,0,1,1,1,1,1,1,1,1,0,0,1,0
12142,Maple Grove,7979 Wedgewood Lane,55369,45.099604,-93.45016,"[{u'code': u'DT', u'name': u'Drive-Thru'}, {u'code': u'WA', u'name': u'Oven-warmed Food'}, {u'code': u'VS', u'name': u'Verismo'}, {u'code': u'CD', u'name': u'Mobile Payment'}, {u'code': u'DR', u'name': u'Digital Rewards'}, {u'code': u'LB', u'name': u'LaBoulange'}, {u'code': u'GO', u'name': u'Google Wi-Fi'}, {u'code': u'XO', u'name': u'Mobile Order and Pay'}, {u'code': u'MX', u'name': u'Music Experience'}, {u'code': u'LU', u'name': u'Lunch'}, {u'code': u'PS', u'name': u'Playbook Store System'}, {u'code': u'BE', u'name': u'tbd - Blonde Espresso'}]",7979 Wedgewood Lane,CO,2318-2001,1,1,1,0,0,0,1,1,1,1,1,1,1,1,0,0,1,0
1020354,Albertville,6415 Labeaux Ave NE,55301,45.246689,-93.666597,"[{u'code': u'WA', u'name': u'Oven-warmed Food'}, {u'code': u'WF', u'name': u'Wireless Hotspot'}, {u'code': u'CD', u'name': u'Mobile Payment'}, {u'code': u'DR', u'name': u'Digital Rewards'}, {u'code': u'LB', u'name': u'LaBoulange'}, {u'code': u'RW', u'name': u'My Starbucks Rewards'}, {u'code': u'PS', u'name': u'Playbook Store System'}, {u'code': u'BE', u'name': u'tbd - Blonde Espresso'}]",Albertville Premium Outlets,LS,53017-283178,1,1,1,0,1,1,0,1,0,0,0,0,1,0,0,0,1,0
11921,Minneapolis,5537 W Broadway Ave,55428,45.052521,-93.364575,"[{u'code': u'WA', u'name': u'Oven-warmed Food'}, {u'code': u'WF', u'name': u'Wireless Hotspot'}, {u'code': u'CD', u'name': u'Mobile Payment'}, {u'code': u'DR', u'name': u'Digital Rewards'}, {u'code': u'LB', u'name': u'LaBoulange'}, {u'code': u'RW', u'name': u'My Starbucks Rewards'}]",Target Crystal T-3,LS,76188-88825,1,1,1,0,1,1,0,1,0,0,0,0,0,0,0,0,0,0
1022964,ROBBINSDALE,3503 Bottineau Blvd,55422,45.026365,-93.338313,"[{u'code': u'DT', u'name': u'Drive-Thru'}, {u'code': u'NB', u'name': u'Nitro Cold Brew'}, {u'code': u'BE', u'name': u'tbd - Blonde Espresso'}]",Hy-Vee Robbinsdale DT Convenience,LS,52025-277306,0,0,0,0,0,0,1,0,0,0,0,0,1,0,1,0,0,0
1022984,ROBBINSDALE,3505 Bottineau Blvd,55422,45.026127,-93.338071,"[{u'code': u'WA', u'name': u'Oven-warmed Food'}, {u'code': u'CD', u'name': u'Mobile Payment'}, {u'code': u'LB', u'name': u'LaBoulange'}, {u'code': u'RW', u'name': u'My Starbucks Rewards'}, {u'code': u'BE', u'name': u'tbd - Blonde Espresso'}]",Hy-Vee Robbinsdale,LS,55981-286442,1,0,1,0,1,0,0,1,0,0,0,0,1,0,0,0,0,0
1013250,New Hope,8200 42nd Ave N,55427,45.032792,-93.385371,[],Hy-Vee - New Hope #1,LS,26711-243086,0,0,0,0,0,0,0,0,0,0,0,0,0,0,0,0,0,0
17628,Plymouth,4175 Vinewood Lane N,55442,45.031346,-93.451348,"[{u'code': u'CD', u'name': u'Mobile Payment'}, {u'code': u'DR', u'name': u'Digital Rewards'}, {u'code': u'LB', u'name': u'LaBoulange'}, {u'code': u'RW', u'name': u'My Starbucks Rewards'}, {u'code': u'PS', u'name': u'Playbook Store System'}, {u'code': u'BE', u'name': u'tbd - Blonde Espresso'}]",Target Plymouth ST-664,LS,72685-76622,1,1,1,0,1,0,0,0,0,0,0,0,1,0,0,0,1,0
17376,Monticello,1447 East 7th St,55362,45.293754,-93.773532,"[{u'code': u'WA', u'name': u'Oven-warmed Food'}, {u'code': u'WF', u'name': u'Wireless Hotspot'}, {u'code': u'CD', u'name': u'Mobile Payment'}, {u'code': u'DR', u'name': u'Digital Rewards'}, {u'code': u'LB', u'name': u'LaBoulange'}, {u'code': u'LU', u'name': u'Lunch'}, {u'code': u'RW', u'name': u'My Starbucks Rewards'}, {u'code': u'PS', u'name': u'Playbook Store System'}, {u'code': u'BE', u'name': u'tbd - Blonde Espresso'}]",Target Monticello T-2180,LS,76730-100251,1,1,1,0,1,1,0,1,0,0,0,1,1,0,0,0,1,0
1018307,Minneapolis,100 Hennepin Ave,55401,44.983769,-93.267214,"[{u'code': u'WA', u'name': u'Oven-warmed Food'}, {u'code': u'CD', u'name': u'Mobile Payment'}, {u'code': u'DR', u'name': u'Digital Rewards'}, {u'code': u'LB', u'name': u'LaBoulange'}, {u'code': u'GO', u'name': u'Google Wi-Fi'}, {u'code': u'XO', u'name': u'Mobile Order and Pay'}, {u'code': u'NB', u'name': u'Nitro Cold Brew'}, {u'code': u'LU', u'name': u'Lunch'}, {u'code': u'RW', u'name': u'My Starbucks Rewards'}, {u'code': u'PS', u'name': u'Playbook Store System'}, {u'code': u'BE', u'name': u'tbd - Blonde Espresso'}]",Minneapolis - 100 Hennepin,CO,29785-255321,1,1,1,0,1,0,0,1,0,1,0,1,1,1,1,0,1,0
10143,Medina,300 Clydesdale Rd,55340,45.045444,-93.529408,"[{u'code': u'WA', u'name': u'Oven-warmed Food'}, {u'code': u'WF', u'name': u'Wireless Hotspot'}, {u'code': u'CD', u'name': u'Mobile Payment'}, {u'code': u'DR', u'name': u'Digital Rewards'}, {u'code': u'LB', u'name': u'LaBoulange'}, {u'code': u'RW', u'name': u'My Starbucks Rewards'}]",Target Medina T-2223,LS,76709-99117,1,1,1,0,1,1,0,1,0,0,0,0,0,0,0,0,0,0
1016337,Plymouth,15850 32nd Avenue North,55447,45.01842,-93.482308,"[{u'code': u'DT', u'name': u'Drive-Thru'}, {u'code': u'WA', u'name': u'Oven-warmed Food'}, {u'code': u'VS', u'name': u'Verismo'}, {u'code': u'CD', u'name': u'Mobile Payment'}, {u'code': u'DR', u'name': u'Digital Rewards'}, {u'code': u'LB', u'name': u'LaBoulange'}, {u'code': u'GO', u'name': u'Google Wi-Fi'}, {u'code': u'XO', u'name': u'Mobile Order and Pay'}, {u'code': u'MX', u'name': u'Music Experience'}, {u'code': u'LU', u'name': u'Lunch'}, {u'code': u'BE', u'name': u'tbd - Blonde Espresso'}]",Hwy 55 & Vicksburg Ave - Plymouth,CO,2330-245290,1,1,1,0,0,0,1,1,1,1,1,1,1,1,0,0,0,0
8164,Plymouth,2661 Campus Dr.,55441,45.008333,-93.449222,"[{u'code': u'DT', u'name': u'Drive-Thru'}, {u'code': u'WA', u'name': u'Oven-warmed Food'}, {u'code': u'CD', u'name': u'Mobile Payment'}, {u'code': u'DR', u'name': u'Digital Rewards'}, {u'code': u'LB', u'name': u'LaBoulange'}, {u'code': u'GO', u'name': u'Google Wi-Fi'}, {u'code': u'XO', u'name': u'Mobile Order and Pay'}, {u'code': u'MX', u'name': u'Music Experience'}, {u'code': u'LU', u'name': u'Lunch'}, {u'code': u'BE', u'name': u'tbd - Blonde Espresso'}]",Plymouth - Hwy 55 & NW Blvd.,CO,9712-97797,1,1,1,0,0,0,1,1,0,1,1,1,1,1,0,0,0,0
1023624,Plymouth,16705 County Rd 24,55447,45.019224,-93.493007,[],HY-VEE PLYMOUTH,LS,57786-291572,0,0,0,0,0,0,0,0,0,0,0,0,0,0,0,0,0,0
1018177,Minneapolis,515 South 4th St,55415,44.976494,-93.262651,"[{u'code': u'CL', u'name': u'Starbucks Reserve-Clover Brewed'}, {u'code': u'WA', u'name': u'Oven-warmed Food'}, {u'code': u'WF', u'name': u'Wireless Hotspot'}, {u'code': u'CD', u'name': u'Mobile Payment'}, {u'code': u'DR', u'name': u'Digital Rewards'}, {u'code': u'LB', u'name': u'LaBoulange'}, {u'code': u'GO', u'name': u'Google Wi-Fi'}, {u'code': u'XO', u'name': u'Mobile Order and Pay'}, {u'code': u'NB', u'name': u'Nitro Cold Brew'}, {u'code': u'LU', u'name': u'Lunch'}, {u'code': u'RW', u'name': u'My Starbucks Rewards'}, {u'code': u'PS', u'name': u'Playbook Store System'}, {u'code': u'BE', u'name': u'tbd - Blonde Espresso'}]",Minneapolis - 5th Ave & 4th St,CO,49663-270165,1,1,1,0,1,1,0,1,0,1,0,1,1,1,1,1,1,0
1016976,Minneapolis,450 Marquette AVe,55401,44.97854,-93.269386,"[{u'code': u'CL', u'name': u'Starbucks Reserve-Clover Brewed'}, {u'code': u'WA', u'name': u'Oven-warmed Food'}, {u'code': u'CD', u'name': u'Mobile Payment'}, {u'code': u'DR', u'name': u'Digital Rewards'}, {u'code': u'LB', u'name': u'LaBoulange'}, {u'code': u'GO', u'name': u'Google Wi-Fi'}, {u'code': u'XO', u'name': u'Mobile Order and Pay'}, {u'code': u'NB', u'name': u'Nitro Cold Brew'}, {u'code': u'LU', u'name': u'Lunch'}, {u'code': u'RW', u'name': u'My Starbucks Rewards'}, {u'code': u'PS', u'name': u'Playbook Store System'}, {u'code': u'CS', u'name': u'tbd - Coffee Scale'}, {u'code': u'BE', u'name': u'tbd - Blonde Espresso'}]",5th and Marquette,CO,28076-249968,1,1,1,0,1,0,0,1,0,1,0,1,1,1,1,1,1,1
1021830,MINNEAPOLIS,88 S 6th St,55402,44.977962,-93.270292,"[{u'code': u'WA', u'name': u'Oven-warmed Food'}, {u'code': u'WF', u'name': u'Wireless Hotspot'}, {u'code': u'CD', u'name': u'Mobile Payment'}, {u'code': u'LB', u'name': u'LaBoulange'}, {u'code': u'NB', u'name': u'Nitro Cold Brew'}, {u'code': u'BE', u'name': u'tbd - Blonde Espresso'}]",Westin - Minneapolis,LS,54613-282524,1,0,1,0,0,1,0,1,0,0,0,0,1,0,1,0,0,0
11974,Minneapolis,120 S. 6th Street,55402,44.977241,-93.268729,"[{u'code': u'WA', u'name': u'Oven-warmed Food'}, {u'code': u'CD', u'name': u'Mobile Payment'}, {u'code': u'DR', u'name': u'Digital Rewards'}, {u'code': u'LB', u'name': u'LaBoulange'}, {u'code': u'GO', u'name': u'Google Wi-Fi'}, {u'code': u'XO', u'name': u'Mobile Order and Pay'}, {u'code': u'MX', u'name': u'Music Experience'}, {u'code': u'LU', u'name': u'Lunch'}, {u'code': u'BE', u'name': u'tbd - Blonde Espresso'}]",120 S. 6th Street - Skyway level,CO,262-1495,1,1,1,0,0,0,0,1,0,1,1,1,1,1,0,0,0,0
11987,Minneapolis,33 South 6th Street,55402,44.978263,-93.27266,"[{u'code': u'CL', u'name': u'Starbucks Reserve-Clover Brewed'}, {u'code': u'WA', u'name': u'Oven-warmed Food'}, {u'code': u'VS', u'name': u'Verismo'}, {u'code': u'CD', u'name': u'Mobile Payment'}, {u'code': u'DR', u'name': u'Digital Rewards'}, {u'code': u'LB', u'name': u'LaBoulange'}, {u'code': u'GO', u'name': u'Google Wi-Fi'}, {u'code': u'XO', u'name': u'Mobile Order and Pay'}, {u'code': u'MX', u'name': u'Music Experience'}, {u'code': u'LU', u'name': u'Lunch'}, {u'code': u'BE', u'name': u'tbd - Blonde Espresso'}]",33 S. 6th Street - City Center,CO,2341-2483,1,1,1,0,0,0,0,1,1,1,1,1,1,1,0,1,0,0
15927,Buffalo,1300 State Hwy 55 NE,55313,45.168514,-93.860245,"[{u'code': u'WA', u'name': u'Oven-warmed Food'}, {u'code': u'WF', u'name': u'Wireless Hotspot'}, {u'code': u'CD', u'name': u'Mobile Payment'}, {u'code': u'DR', u'name': u'Digital Rewards'}, {u'code': u'LB', u'name': u'LaBoulange'}, {u'code': u'RW', u'name': u'My Starbucks Rewards'}, {u'code': u'PS', u'name': u'Playbook Store System'}]",Target Buffalo T-861,LS,76224-90369,1,1,1,0,1,1,0,1,0,0,0,0,0,0,0,0,1,0
16231,Minneapolis,600 Hennepin Ave. South,55403,44.979014,-93.275004,"[{u'code': u'WA', u'name': u'Oven-warmed Food'}, {u'code': u'CD', u'name': u'Mobile Payment'}, {u'code': u'DR', u'name': u'Digital Rewards'}, {u'code': u'LB', u'name': u'LaBoulange'}, {u'code': u'GO', u'name': u'Google Wi-Fi'}, {u'code': u'XO', u'name': u'Mobile Order and Pay'}, {u'code': u'MX', u'name': u'Music Experience'}, {u'code': u'LU', u'name': u'Lunch'}, {u'code': u'BE', u'name': u'tbd - Blonde Espresso'}]",600 Hennepin Ave S - Mayo Clinic Sq,CO,2648-54101,1,1,1,0,0,0,0,1,0,1,1,1,1,1,0,0,0,0
11666,Minneapolis,80 South 8th Street,55402,44.976229,-93.271595,"[{u'code': u'WA', u'name': u'Oven-warmed Food'}, {u'code': u'CD', u'name': u'Mobile Payment'}, {u'code': u'DR', u'name': u'Digital Rewards'}, {u'code': u'LB', u'name': u'LaBoulange'}, {u'code': u'GO', u'name': u'Google Wi-Fi'}, {u'code': u'XO', u'name': u'Mobile Order and Pay'}, {u'code': u'MX', u'name': u'Music Experience'}, {u'code': u'LU', u'name': u'Lunch'}, {u'code': u'BE', u'name': u'tbd - Blonde Espresso'}]",IDS Center - Skyway level,CO,263-1496,1,1,1,0,0,0,0,1,0,1,1,1,1,1,0,0,0,0
12449,Minneapolis,900 Nicollet Mall,55403,44.974958,-93.274067,"[{u'code': u'WA', u'name': u'Oven-warmed Food'}, {u'code': u'WF', u'name': u'Wireless Hotspot'}, {u'code': u'CD', u'name': u'Mobile Payment'}, {u'code': u'DR', u'name': u'Digital Rewards'}, {u'code': u'LB', u'name': u'LaBoulange'}, {u'code': u'NB', u'name': u'Nitro Cold Brew'}, {u'code': u'BA', u'name': u'Bakery'}, {u'code': u'RW', u'name': u'My Starbucks Rewards'}, {u'code': u'PS', u'name': u'Playbook Store System'}, {u'code': u'BE', u'name': u'tbd - Blonde Espresso'}]",Target Minneapolis T-1375,LS,72669-48339,1,1,1,1,1,1,0,1,0,0,0,0,1,0,1,0,1,0
15588,Minneapolis,1101 LaSalle Ave,55403,44.973271,-93.276544,"[{u'code': u'WA', u'name': u'Oven-warmed Food'}, {u'code': u'WF', u'name': u'Wireless Hotspot'}, {u'code': u'LB', u'name': u'LaBoulange'}, {u'code': u'LU', u'name': u'Lunch'}, {u'code': u'BA', u'name': u'Bakery'}, {u'code': u'RW', u'name': u'My Starbucks Rewards'}, {u'code': u'PS', u'name': u'Playbook Store System'}]",Double Tree Hotel Minneapolis,LS,75788-85011,0,0,1,1,1,1,0,1,0,0,0,1,0,0,0,0,1,0
13583,Golden Valley,7802 Olson Memorial Highway,55427,44.984187,-93.379105,"[{u'code': u'WA', u'name': u'Oven-warmed Food'}, {u'code': u'VS', u'name': u'Verismo'}, {u'code': u'CD', u'name': u'Mobile Payment'}, {u'code': u'DR', u'name': u'Digital Rewards'}, {u'code': u'LB', u'name': u'LaBoulange'}, {u'code': u'GO', u'name': u'Google Wi-Fi'}, {u'code': u'XO', u'name': u'Mobile Order and Pay'}, {u'code': u'MX', u'name': u'Music Experience'}, {u'code': u'LU', u'name': u'Lunch'}, {u'code': u'BE', u'name': u'tbd - Blonde Espresso'}]",Hwy 55 and Golden Valley Road,CO,2228-659,1,1,1,0,0,0,0,1,1,1,1,1,1,1,0,0,0,0
18367,Minnetonka,13201 Ridgedale Dr,55305,44.969631,-93.447322,"[{u'code': u'CD', u'name': u'Mobile Payment'}, {u'code': u'DR', u'name': u'Digital Rewards'}, {u'code': u'LB', u'name': u'LaBoulange'}, {u'code': u'RW', u'name': u'My Starbucks Rewards'}, {u'code': u'BE', u'name': u'tbd - Blonde Espresso'}]",Target Minnetonka/Hopkins T-0100,LS,76736-104469,1,1,1,0,1,0,0,0,0,0,0,0,1,0,0,0,0,0
1023217,Wayzata,1330 Wayzata Blvd,55391,44.970838,-93.495788,"[{u'code': u'DT', u'name': u'Drive-Thru'}, {u'code': u'WA', u'name': u'Oven-warmed Food'}, {u'code': u'XO', u'name': u'Mobile Order and Pay'}, {u'code': u'NB', u'name': u'Nitro Cold Brew'}, {u'code': u'LU', u'name': u'Lunch'}]",Wayzata Blvd and CR 101 - Wayzata,CO,53981-285748,0,0,0,0,0,0,1,1,0,1,0,1,0,0,1,0,0,0
1021916,Minnetonka,1805 Plymouth Rd,55305,44.967276,-93.441889,"[{u'code': u'WA', u'name': u'Oven-warmed Food'}, {u'code': u'CD', u'name': u'Mobile Payment'}, {u'code': u'DR', u'name': u'Digital Rewards'}, {u'code': u'LB', u'name': u'LaBoulange'}, {u'code': u'GO', u'name': u'Google Wi-Fi'}, {u'code': u'XO', u'name': u'Mobile Order and Pay'}, {u'code': u'NB', u'name': u'Nitro Cold Brew'}, {u'code': u'LU', u'name': u'Lunch'}, {u'code': u'RW', u'name': u'My Starbucks Rewards'}, {u'code': u'CS', u'name': u'tbd - Coffee Scale'}]",Plymouth Rd & Cartway - Minnetonka,CO,51811-279404,1,1,1,0,1,0,0,1,0,1,0,1,0,1,1,0,0,1
13618,Wayzata,740 East Lake Street,55391,44.96868,-93.509757,"[{u'code': u'CL', u'name': u'Starbucks Reserve-Clover Brewed'}, {u'code': u'WA', u'name': u'Oven-warmed Food'}, {u'code': u'VS', u'name': u'Verismo'}, {u'code': u'CD', u'name': u'Mobile Payment'}, {u'code': u'DR', u'name': u'Digital Rewards'}, {u'code': u'LB', u'name': u'LaBoulange'}, {u'code': u'GO', u'name': u'Google Wi-Fi'}, {u'code': u'XO', u'name': u'Mobile Order and Pay'}, {u'code': u'MX', u'name': u'Music Experience'}, {u'code': u'LU', u'name': u'Lunch'}, {u'code': u'BE', u'name': u'tbd - Blonde Espresso'}]",740 E. Lake Street - Wayzata,CO,2440-20979,1,1,1,0,0,0,0,1,1,1,1,1,1,1,0,1,0,0
14372,Minneapolis,2000 Nicollet Ave.,55404,44.962583,-93.278033,"[{u'code': u'WA', u'name': u'Oven-warmed Food'}, {u'code': u'CD', u'name': u'Mobile Payment'}, {u'code': u'DR', u'name': u'Digital Rewards'}, {u'code': u'LB', u'name': u'LaBoulange'}, {u'code': u'GO', u'name': u'Google Wi-Fi'}, {u'code': u'XO', u'name': u'Mobile Order and Pay'}, {u'code': u'MX', u'name': u'Music Experience'}, {u'code': u'NB', u'name': u'Nitro Cold Brew'}, {u'code': u'LU', u'name': u'Lunch'}, {u'code': u'BE', u'name': u'tbd - Blonde Espresso'}]",Nicollet & Franklin,CO,8611-92908,1,1,1,0,0,0,0,1,0,1,1,1,1,1,1,0,0,0
1010273,Minneapolis,2212 Hennepin Ave,55405,44.960294,-93.293416,"[{u'code': u'CL', u'name': u'Starbucks Reserve-Clover Brewed'}, {u'code': u'WA', u'name': u'Oven-warmed Food'}, {u'code': u'VS', u'name': u'Verismo'}, {u'code': u'CD', u'name': u'Mobile Payment'}, {u'code': u'DR', u'name': u'Digital Rewards'}, {u'code': u'LB', u'name': u'LaBoulange'}, {u'code': u'GO', u'name': u'Google Wi-Fi'}, {u'code': u'XO', u'name': u'Mobile Order and Pay'}, {u'code': u'MX', u'name': u'Music Experience'}, {u'code': u'LU', u'name': u'Lunch'}, {u'code': u'BE', u'name': u'tbd - Blonde Espresso'}]",22nd & Hennepin - Kenwood Crossing,CO,2452-229484,1,1,1,0,0,0,0,1,1,1,1,1,1,1,0,1,0,0
1020027,Minneapolis,2440 Hennepin Ave.,55405,44.95743,-93.295448,[],Kowalskis Minneapolis- Hennepin,LS,53614-276788,0,0,0,0,0,0,0,0,0,0,0,0,0,0,0,0,0,0
1020164,MINNEAPOLIS,1300 W. Lake St.,55408,44.944886,-93.295556,"[{u'code': u'BE', u'name': u'tbd - Blonde Espresso'}]",Target Uptown Mpls T-3239,LS,51531-264584,0,0,0,0,0,0,0,0,0,0,0,0,1,0,0,0,0,0
14567,St. Louis Park,4201 Minnetonka Blvd.,55416,44.948179,-93.332989,"[{u'code': u'DT', u'name': u'Drive-Thru'}, {u'code': u'WA', u'name': u'Oven-warmed Food'}, {u'code': u'CD', u'name': u'Mobile Payment'}, {u'code': u'DR', u'name': u'Digital Rewards'}, {u'code': u'LB', u'name': u'LaBoulange'}, {u'code': u'GO', u'name': u'Google Wi-Fi'}, {u'code': u'XO', u'name': u'Mobile Order and Pay'}, {u'code': u'MX', u'name': u'Music Experience'}, {u'code': u'LU', u'name': u'Lunch'}, {u'code': u'PS', u'name': u'Playbook Store System'}, {u'code': u'BE', u'name': u'tbd - Blonde Espresso'}]",St. Louis Park-Minnetonka & Hwy 7,CO,10203-99310,1,1,1,0,0,0,1,1,0,1,1,1,1,1,0,0,1,0
1022926,NORTHFIELD,601 Division St.,55057,44.447068,-93.160494,"[{u'code': u'BE', u'name': u'tbd - Blonde Espresso'}]",Family Fare Northfield,LS,55343-289045,0,0,0,0,0,0,0,0,0,0,0,0,1,0,0,0,0,0
113727,Northfield,2323 Highway 3 S,55057,44.434564,-93.187972,"[{u'code': u'WA', u'name': u'Oven-warmed Food'}, {u'code': u'DR', u'name': u'Digital Rewards'}, {u'code': u'LB', u'name': u'LaBoulange'}, {u'code': u'GO', u'name': u'Google Wi-Fi'}, {u'code': u'RW', u'name': u'My Starbucks Rewards'}]",Target Northfield T-1211.,LS,17380-177067,0,1,1,0,1,0,0,1,0,0,0,0,0,1,0,0,0,0
1017317,SAVAGE,5900 EGAN DRIVE,55378,44.747136,-93.354565,"[{u'code': u'DT', u'name': u'Drive-Thru'}, {u'code': u'WA', u'name': u'Oven-warmed Food'}, {u'code': u'CD', u'name': u'Mobile Payment'}, {u'code': u'LB', u'name': u'LaBoulange'}, {u'code': u'LU', u'name': u'Lunch'}, {u'code': u'PS', u'name': u'Playbook Store System'}, {u'code': u'BE', u'name': u'tbd - Blonde Espresso'}]",Hy Vee @ Savage,LS,48062-259945,1,0,1,0,0,0,1,1,0,0,0,1,1,0,0,0,1,0
1017577,SAVAGE,6150 EGAN DRIVE,55378,44.747883,-93.357307,[],Hyvee @ Savage,LS,49522-268124,0,0,0,0,0,0,0,0,0,0,0,0,0,0,0,0,0,0
12799,Savage,14333 Hwy 13,55378,44.74374,-93.377645,"[{u'code': u'WA', u'name': u'Oven-warmed Food'}, {u'code': u'CD', u'name': u'Mobile Payment'}, {u'code': u'DR', u'name': u'Digital Rewards'}, {u'code': u'LB', u'name': u'LaBoulange'}, {u'code': u'GO', u'name': u'Google Wi-Fi'}, {u'code': u'BA', u'name': u'Bakery'}, {u'code': u'RW', u'name': u'My Starbucks Rewards'}, {u'code': u'PS', u'name': u'Playbook Store System'}, {u'code': u'BE', u'name': u'tbd - Blonde Espresso'}]",Target Savage ST-1833,LS,76116-87623,1,1,1,1,1,0,0,1,0,0,0,0,1,1,0,0,1,0
7275,Savage,13945 Hwy 13 Frontage Rd.,55378,44.750647,-93.378978,"[{u'code': u'DT', u'name': u'Drive-Thru'}, {u'code': u'WA', u'name': u'Oven-warmed Food'}, {u'code': u'VS', u'name': u'Verismo'}, {u'code': u'CD', u'name': u'Mobile Payment'}, {u'code': u'DR', u'name': u'Digital Rewards'}, {u'code': u'LB', u'name': u'LaBoulange'}, {u'code': u'GO', u'name': u'Google Wi-Fi'}, {u'code': u'XO', u'name': u'Mobile Order and Pay'}, {u'code': u'MX', u'name': u'Music Experience'}, {u'code': u'NB', u'name': u'Nitro Cold Brew'}, {u'code': u'LU', u'name': u'Lunch'}, {u'code': u'PS', u'name': u'Playbook Store System'}, {u'code': u'BE', u'name': u'tbd - Blonde Espresso'}]",Savage-CR 42 & Hwy 13,CO,10602-101637,1,1,1,0,0,0,1,1,1,1,1,1,1,1,1,0,1,0
16173,Owatonna,641 West Bridge St.,55060,44.083959,-93.241209,"[{u'code': u'DT', u'name': u'Drive-Thru'}, {u'code': u'CL', u'name': u'Starbucks Reserve-Clover Brewed'}, {u'code': u'WA', u'name': u'Oven-warmed Food'}, {u'code': u'VS', u'name': u'Verismo'}, {u'code': u'CD', u'name': u'Mobile Payment'}, {u'code': u'DR', u'name': u'Digital Rewards'}, {u'code': u'LB', u'name': u'LaBoulange'}, {u'code': u'GO', u'name': u'Google Wi-Fi'}, {u'code': u'XO', u'name': u'Mobile Order and Pay'}, {u'code': u'MX', u'name': u'Music Experience'}, {u'code': u'BE', u'name': u'tbd - Blonde Espresso'}]",641 W. Bridge St. - Owatonna,CO,8922-95305,1,1,1,0,0,0,1,1,1,1,1,0,1,1,0,1,0,0
1005916,Owatonna,301 Park Dr,55060,44.086343,-93.25039,"[{u'code': u'WA', u'name': u'Oven-warmed Food'}, {u'code': u'CD', u'name': u'Mobile Payment'}, {u'code': u'DR', u'name': u'Digital Rewards'}, {u'code': u'LB', u'name': u'LaBoulange'}, {u'code': u'GO', u'name': u'Google Wi-Fi'}, {u'code': u'LU', u'name': u'Lunch'}, {u'code': u'RW', u'name': u'My Starbucks Rewards'}, {u'code': u'PS', u'name': u'Playbook Store System'}]",Target Owatonna T-1068,LS,20790-208086,1,1,1,0,1,0,0,1,0,0,0,1,0,1,0,0,1,0
1007883,Shakopee,8090 Old Carriage Ct N,55379,44.775886,-93.414283,"[{u'code': u'DT', u'name': u'Drive-Thru'}, {u'code': u'WA', u'name': u'Oven-warmed Food'}, {u'code': u'CD', u'name': u'Mobile Payment'}, {u'code': u'DR', u'name': u'Digital Rewards'}, {u'code': u'LB', u'name': u'LaBoulange'}, {u'code': u'GO', u'name': u'Google Wi-Fi'}, {u'code': u'XO', u'name': u'Mobile Order and Pay'}, {u'code': u'MX', u'name': u'Music Experience'}, {u'code': u'LU', u'name': u'Lunch'}, {u'code': u'RW', u'name': u'My Starbucks Rewards'}, {u'code': u'CS', u'name': u'tbd - Coffee Scale'}, {u'code': u'BE', u'name': u'tbd - Blonde Espresso'}]",CR 21 and Old Carriage - Shakopee,CO,21371-208605,1,1,1,0,1,0,1,1,0,1,1,1,1,1,0,0,0,1
8785,Bloomington,7805 Southtown Center,55431,44.861132,-93.308101,"[{u'code': u'WA', u'name': u'Oven-warmed Food'}, {u'code': u'CD', u'name': u'Mobile Payment'}, {u'code': u'DR', u'name': u'Digital Rewards'}, {u'code': u'LB', u'name': u'LaBoulange'}, {u'code': u'GO', u'name': u'Google Wi-Fi'}, {u'code': u'XO', u'name': u'Mobile Order and Pay'}, {u'code': u'MX', u'name': u'Music Experience'}, {u'code': u'LU', u'name': u'Lunch'}, {u'code': u'BE', u'name': u'tbd - Blonde Espresso'}]",Southtown - I-494 and Penn,CO,2220-665,1,1,1,0,0,0,0,1,0,1,1,1,1,1,0,0,0,0
13805,Bloomington,2555 W 79th St,55431,44.859947,-93.311425,"[{u'code': u'WA', u'name': u'Oven-warmed Food'}, {u'code': u'CD', u'name': u'Mobile Payment'}, {u'code': u'DR', u'name': u'Digital Rewards'}, {u'code': u'LB', u'name': u'LaBoulange'}, {u'code': u'BA', u'name': u'Bakery'}, {u'code': u'RW', u'name': u'My Starbucks Rewards'}, {u'code': u'PS', u'name': u'Playbook Store System'}]",Target Bloomington T-5,LS,76187-88840,1,1,1,1,1,0,0,1,0,0,0,0,0,0,0,0,1,0
1006171,Edina,7503 France Ave,55435,44.866611,-93.328413,"[{u'code': u'DT', u'name': u'Drive-Thru'}, {u'code': u'WA', u'name': u'Oven-warmed Food'}, {u'code': u'WF', u'name': u'Wireless Hotspot'}, {u'code': u'CD', u'name': u'Mobile Payment'}, {u'code': u'DR', u'name': u'Digital Rewards'}, {u'code': u'LB', u'name': u'LaBoulange'}, {u'code': u'XO', u'name': u'Mobile Order and Pay'}, {u'code': u'MX', u'name': u'Music Experience'}, {u'code': u'LU', u'name': u'Lunch'}, {u'code': u'BE', u'name': u'tbd - Blonde Espresso'}]",France Avenue & 76th - Edina,CO,18565-178125,1,1,1,0,0,1,1,1,0,1,1,1,1,0,0,0,0,0
14928,Eden Prairie,9639 Anderson Lakes Parkway,55344,44.836225,-93.40064,"[{u'code': u'WA', u'name': u'Oven-warmed Food'}, {u'code': u'VS', u'name': u'Verismo'}, {u'code': u'CD', u'name': u'Mobile Payment'}, {u'code': u'DR', u'name': u'Digital Rewards'}, {u'code': u'LB', u'name': u'LaBoulange'}, {u'code': u'GO', u'name': u'Google Wi-Fi'}, {u'code': u'XO', u'name': u'Mobile Order and Pay'}, {u'code': u'MX', u'name': u'Music Experience'}, {u'code': u'LU', u'name': u'Lunch'}, {u'code': u'PS', u'name': u'Playbook Store System'}, {u'code': u'BE', u'name': u'tbd - Blonde Espresso'}]",Hwy 169 and Anderson Lakes Parkway,CO,2366-7808,1,1,1,0,0,0,0,1,1,1,1,1,1,1,0,0,1,0
1022343,Eden Prairie,9625 Anderson Lakes Pkwy,55344,44.836812,-93.400832,[],Jerrys Eden Prairie,LS,56910-288973,0,0,0,0,0,0,0,0,0,0,0,0,0,0,0,0,0,0
6530,Edina,7000 York Ave S,55435,44.875818,-93.323744,"[{u'code': u'CD', u'name': u'Mobile Payment'}, {u'code': u'DR', u'name': u'Digital Rewards'}, {u'code': u'LB', u'name': u'LaBoulange'}, {u'code': u'BA', u'name': u'Bakery'}, {u'code': u'RW', u'name': u'My Starbucks Rewards'}, {u'code': u'PS', u'name': u'Playbook Store System'}, {u'code': u'BE', u'name': u'tbd - Blonde Espresso'}]",Target Edina ST-2313,LS,76641-110944,1,1,1,1,1,0,0,0,0,0,0,0,1,0,0,0,1,0
1013938,Edina,5122 Edina Industrial Blvd,55439,44.864513,-93.353219,"[{u'code': u'DT', u'name': u'Drive-Thru'}, {u'code': u'CL', u'name': u'Starbucks Reserve-Clover Brewed'}, {u'code': u'WA', u'name': u'Oven-warmed Food'}, {u'code': u'VS', u'name': u'Verismo'}, {u'code': u'CD', u'name': u'Mobile Payment'}, {u'code': u'DR', u'name': u'Digital Rewards'}, {u'code': u'LB', u'name': u'LaBoulange'}, {u'code': u'GO', u'name': u'Google Wi-Fi'}, {u'code': u'XO', u'name': u'Mobile Order and Pay'}, {u'code': u'MX', u'name': u'Music Experience'}, {u'code': u'LU', u'name': u'Lunch'}, {u'code': u'RW', u'name': u'My Starbucks Rewards'}, {u'code': u'PS', u'name': u'Playbook Store System'}, {u'code': u'CS', u'name': u'tbd - Coffee Scale'}, {u'code': u'BE', u'name': u'tbd - Blonde Espresso'}]",Edina - Hwy 100 and Industrial Blvd,CO,24961-238825,1,1,1,0,1,0,1,1,1,1,1,1,1,1,0,1,1,1
1020369,Edina,3510 Galleria,55435,44.877632,-93.323643,"[{u'code': u'WA', u'name': u'Oven-warmed Food'}, {u'code': u'VS', u'name': u'Verismo'}, {u'code': u'CD', u'name': u'Mobile Payment'}, {u'code': u'DR', u'name': u'Digital Rewards'}, {u'code': u'LB', u'name': u'LaBoulange'}, {u'code': u'GO', u'name': u'Google Wi-Fi'}, {u'code': u'XO', u'name': u'Mobile Order and Pay'}, {u'code': u'MX', u'name': u'Music Experience'}, {u'code': u'NB', u'name': u'Nitro Cold Brew'}, {u'code': u'LU', u'name': u'Lunch'}, {u'code': u'PS', u'name': u'Playbook Store System'}, {u'code': u'BE', u'name': u'tbd - Blonde Espresso'}]",Galleria Mall - 69th & France Ave,CO,271-269007,1,1,1,0,0,0,0,1,1,1,1,1,1,1,1,0,1,0
66377,Edina,100 Southdale Ctr,55435,44.881451,-93.326449,"[{u'code': u'WA', u'name': u'Oven-warmed Food'}, {u'code': u'WF', u'name': u'Wireless Hotspot'}, {u'code': u'LB', u'name': u'LaBoulange'}, {u'code': u'BA', u'name': u'Bakery'}, {u'code': u'PS', u'name': u'Playbook Store System'}, {u'code': u'BE', u'name': u'tbd - Blonde Espresso'}]",Macy's-Southdale #231,LS,16011-154128,0,0,1,1,0,1,0,1,0,0,0,0,1,0,0,0,1,0
1019892,Shakopee,1685 17th Ave E,55379,44.775959,-93.5018,[],Target Shakopee T-1272,LS,51728-278396,0,0,0,0,0,0,0,0,0,0,0,0,0,0,0,0,0,0
1019496,SHAKOPEE,1421 ADAMS STREET SOUTH,55379,44.783525,-93.541222,"[{u'code': u'DT', u'name': u'Drive-Thru'}, {u'code': u'BE', u'name': u'tbd - Blonde Espresso'}]",Hy-Vee Shakopee DT Convenience,LS,51369-277305,0,0,0,0,0,0,1,0,0,0,0,0,1,0,0,0,0,0
1020352,SHAKOPEE,1451 ADAMS STREET SOUTH,55379,44.783713,-93.541369,[],Hy-Vee Shakopee,LS,52014-279466,0,0,0,0,0,0,0,0,0,0,0,0,0,0,0,0,0,0
16018,Eden Prairie,582 PRAIRIE CENTER DR.,55344,44.853316,-93.429138,"[{u'code': u'WA', u'name': u'Oven-warmed Food'}, {u'code': u'WF', u'name': u'Wireless Hotspot'}, {u'code': u'VS', u'name': u'Verismo'}, {u'code': u'CD', u'name': u'Mobile Payment'}, {u'code': u'DR', u'name': u'Digital Rewards'}, {u'code': u'LB', u'name': u'LaBoulange'}, {u'code': u'XO', u'name': u'Mobile Order and Pay'}, {u'code': u'MX', u'name': u'Music Experience'}, {u'code': u'LU', u'name': u'Lunch'}, {u'code': u'PS', u'name': u'Playbook Store System'}, {u'code': u'BE', u'name': u'tbd - Blonde Espresso'}]",582 Prairie Center Drive,CO,2325-2482,1,1,1,0,0,1,0,1,1,1,1,1,1,0,0,0,1,0
1020351,Eden Prairie,8225 Flying Cloud Dr,55344,44.85577,-93.425958,[],Target Eden Prairie T-0220,LS,51581-278397,0,0,0,0,0,0,0,0,0,0,0,0,0,0,0,0,0,0
15731,Eden Prairie,930 Prairie Center Drive,55344,44.864144,-93.440815,"[{u'code': u'DT', u'name': u'Drive-Thru'}, {u'code': u'CL', u'name': u'Starbucks Reserve-Clover Brewed'}, {u'code': u'WA', u'name': u'Oven-warmed Food'}, {u'code': u'VS', u'name': u'Verismo'}, {u'code': u'CD', u'name': u'Mobile Payment'}, {u'code': u'DR', u'name': u'Digital Rewards'}, {u'code': u'LB', u'name': u'LaBoulange'}, {u'code': u'GO', u'name': u'Google Wi-Fi'}, {u'code': u'XO', u'name': u'Mobile Order and Pay'}, {u'code': u'MX', u'name': u'Music Experience'}, {u'code': u'LU', u'name': u'Lunch'}, {u'code': u'BE', u'name': u'tbd - Blonde Espresso'}]",930 Prairie Center Dr- Eden Prairie,CO,2599-47139,1,1,1,0,0,0,1,1,1,1,1,1,1,1,0,1,0,0
11975,Minneapolis,5351 Lyndale Ave South,55419,44.905241,-93.28804,"[{u'code': u'WA', u'name': u'Oven-warmed Food'}, {u'code': u'VS', u'name': u'Verismo'}, {u'code': u'CD', u'name': u'Mobile Payment'}, {u'code': u'DR', u'name': u'Digital Rewards'}, {u'code': u'LB', u'name': u'LaBoulange'}, {u'code': u'GO', u'name': u'Google Wi-Fi'}, {u'code': u'XO', u'name': u'Mobile Order and Pay'}, {u'code': u'MX', u'name': u'Music Experience'}, {u'code': u'LU', u'name': u'Lunch'}, {u'code': u'BE', u'name': u'tbd - Blonde Espresso'}]",5351 Lyndale Avenue South,CO,288-1493,1,1,1,0,0,0,0,1,1,1,1,1,1,1,0,0,0,0
16048,Edina,3939 W 50th St,55424,44.912007,-93.330485,"[{u'code': u'CL', u'name': u'Starbucks Reserve-Clover Brewed'}, {u'code': u'WA', u'name': u'Oven-warmed Food'}, {u'code': u'VS', u'name': u'Verismo'}, {u'code': u'CD', u'name': u'Mobile Payment'}, {u'code': u'DR', u'name': u'Digital Rewards'}, {u'code': u'LB', u'name': u'LaBoulange'}, {u'code': u'GO', u'name': u'Google Wi-Fi'}, {u'code': u'XO', u'name': u'Mobile Order and Pay'}, {u'code': u'MX', u'name': u'Music Experience'}, {u'code': u'LU', u'name': u'Lunch'}, {u'code': u'BE', u'name': u'tbd - Blonde Espresso'}]",3939 W. 50th - 50th and France,CO,274-1489,1,1,1,0,0,0,0,1,1,1,1,1,1,1,0,1,0,0
13423,Edina,5121 Gus Young Lane,55436,44.911414,-93.353025,"[{u'code': u'DT', u'name': u'Drive-Thru'}, {u'code': u'WA', u'name': u'Oven-warmed Food'}, {u'code': u'VS', u'name': u'Verismo'}, {u'code': u'CD', u'name': u'Mobile Payment'}, {u'code': u'DR', u'name': u'Digital Rewards'}, {u'code': u'LB', u'name': u'LaBoulange'}, {u'code': u'GO', u'name': u'Google Wi-Fi'}, {u'code': u'XO', u'name': u'Mobile Order and Pay'}, {u'code': u'MX', u'name': u'Music Experience'}, {u'code': u'LU', u'name': u'Lunch'}, {u'code': u'BE', u'name': u'tbd - Blonde Espresso'}]",Edina - Hwy 100 & Vernon,CO,2592-54119,1,1,1,0,0,0,1,1,1,1,1,1,1,1,0,0,0,0
1016974,Eden Prairie,11100 62nd St W,55344,44.892054,-93.418781,"[{u'code': u'DT', u'name': u'Drive-Thru'}, {u'code': u'WA', u'name': u'Oven-warmed Food'}, {u'code': u'WF', u'name': u'Wireless Hotspot'}, {u'code': u'CD', u'name': u'Mobile Payment'}, {u'code': u'LB', u'name': u'LaBoulange'}, {u'code': u'GO', u'name': u'Google Wi-Fi'}, {u'code': u'XO', u'name': u'Mobile Order and Pay'}, {u'code': u'NB', u'name': u'Nitro Cold Brew'}, {u'code': u'LU', u'name': u'Lunch'}, {u'code': u'RW', u'name': u'My Starbucks Rewards'}, {u'code': u'CS', u'name': u'tbd - Coffee Scale'}, {u'code': u'BE', u'name': u'tbd - Blonde Espresso'}]",62 and Shady Oak,CO,26250-243426,1,0,1,0,1,1,1,1,0,1,0,1,1,1,1,0,0,1
1006191,Edina,5101 Vernon Avenue South,55436,44.911165,-93.355276,"[{u'code': u'WA', u'name': u'Oven-warmed Food'}, {u'code': u'LB', u'name': u'LaBoulange'}, {u'code': u'LU', u'name': u'Lunch'}, {u'code': u'PS', u'name': u'Playbook Store System'}]",Jerry's Edina,LS,21755-192244,0,0,1,0,0,0,0,1,0,0,0,1,0,0,0,0,1,0
15668,Chaska,111 Pioneer Trail,55318,44.827687,-93.600577,"[{u'code': u'CD', u'name': u'Mobile Payment'}, {u'code': u'DR', u'name': u'Digital Rewards'}, {u'code': u'LB', u'name': u'LaBoulange'}, {u'code': u'BA', u'name': u'Bakery'}, {u'code': u'RW', u'name': u'My Starbucks Rewards'}, {u'code': u'BE', u'name': u'tbd - Blonde Espresso'}]",Target Chaska ST-1352,LS,72649-48359,1,1,1,1,1,0,0,0,0,0,0,0,1,0,0,0,0,0
1010272,Chanhassen,190 Lake Drive East,55317,44.861083,-93.524226,"[{u'code': u'DT', u'name': u'Drive-Thru'}, {u'code': u'CL', u'name': u'Starbucks Reserve-Clover Brewed'}, {u'code': u'WA', u'name': u'Oven-warmed Food'}, {u'code': u'VS', u'name': u'Verismo'}, {u'code': u'CD', u'name': u'Mobile Payment'}, {u'code': u'DR', u'name': u'Digital Rewards'}, {u'code': u'LB', u'name': u'LaBoulange'}, {u'code': u'GO', u'name': u'Google Wi-Fi'}, {u'code': u'XO', u'name': u'Mobile Order and Pay'}, {u'code': u'MX', u'name': u'Music Experience'}, {u'code': u'LU', u'name': u'Lunch'}, {u'code': u'PS', u'name': u'Playbook Store System'}, {u'code': u'BE', u'name': u'tbd - Blonde Espresso'}]",Chanhassen - Dakota Ave II,CO,2450-198665,1,1,1,0,0,0,1,1,1,1,1,1,1,1,0,1,1,0
1005981,Chanhassen,851 W 78th St,55317,44.862237,-93.542921,"[{u'code': u'DR', u'name': u'Digital Rewards'}, {u'code': u'LB', u'name': u'LaBoulange'}]",Target Chanhassen T-862,LS,20793-208085,0,1,1,0,0,0,0,0,0,0,0,0,0,0,0,0,0,0
10717,Waconia,875 E Main St,55387,44.849803,-93.773745,"[{u'code': u'CD', u'name': u'Mobile Payment'}, {u'code': u'DR', u'name': u'Digital Rewards'}, {u'code': u'LB', u'name': u'LaBoulange'}, {u'code': u'BA', u'name': u'Bakery'}, {u'code': u'RW', u'name': u'My Starbucks Rewards'}]",Target Waconia T-2449,LS,76979-136639,1,1,1,1,1,0,0,0,0,0,0,0,0,0,0,0,0,0
1020153,Waconia,10720 10th street,55387,44.839109,-93.797345,"[{u'code': u'DT', u'name': u'Drive-Thru'}, {u'code': u'WA', u'name': u'Oven-warmed Food'}, {u'code': u'LB', u'name': u'LaBoulange'}, {u'code': u'GO', u'name': u'Google Wi-Fi'}, {u'code': u'XO', u'name': u'Mobile Order and Pay'}, {u'code': u'RW', u'name': u'My Starbucks Rewards'}, {u'code': u'CS', u'name': u'tbd - Coffee Scale'}]",Waconia - Hwy 5 & Hwy 10,CO,49587-270029,0,0,1,0,1,0,1,1,0,1,0,0,0,1,0,0,0,1
1012626,Excelsior,440 Water St,55331,44.900593,-93.568967,[],Kowalski's - Excelsior,LS,27578-238022,0,0,0,0,0,0,0,0,0,0,0,0,0,0,0,0,0,0
1018182,Shorewood,Vinehill and Hwy 7,55345,44.910654,-93.524201,"[{u'code': u'DT', u'name': u'Drive-Thru'}]",Shorewood - Vinehill and Hwy 7,CO,49955-271966,0,0,0,0,0,0,1,0,0,0,0,0,0,0,0,0,0,0
11380,Minnetonka,4802 County Road 101,55345,44.916387,-93.504845,"[{u'code': u'CD', u'name': u'Mobile Payment'}, {u'code': u'DR', u'name': u'Digital Rewards'}, {u'code': u'LB', u'name': u'LaBoulange'}, {u'code': u'RW', u'name': u'My Starbucks Rewards'}, {u'code': u'BE', u'name': u'tbd - Blonde Espresso'}]",Target Minnetonka ST-1356,LS,72650-46879,1,1,1,0,1,0,0,0,0,0,0,0,1,0,0,0,0,0
9584,Hopkins,1505 State Hwy 7,55305,44.933338,-93.418828,"[{u'code': u'DT', u'name': u'Drive-Thru'}, {u'code': u'WA', u'name': u'Oven-warmed Food'}, {u'code': u'CD', u'name': u'Mobile Payment'}, {u'code': u'DR', u'name': u'Digital Rewards'}, {u'code': u'LB', u'name': u'LaBoulange'}, {u'code': u'GO', u'name': u'Google Wi-Fi'}, {u'code': u'XO', u'name': u'Mobile Order and Pay'}, {u'code': u'MX', u'name': u'Music Experience'}, {u'code': u'NB', u'name': u'Nitro Cold Brew'}, {u'code': u'LU', u'name': u'Lunch'}, {u'code': u'PS', u'name': u'Playbook Store System'}, {u'code': u'BE', u'name': u'tbd - Blonde Espresso'}]",Hwy 7 & Hopkins Crossroads,CO,9359-96468,1,1,1,0,0,0,1,1,0,1,1,1,1,1,1,0,1,0
10144,St Louis Park,8900 SR-7,55426,44.936386,-93.392448,"[{u'code': u'CD', u'name': u'Mobile Payment'}, {u'code': u'DR', u'name': u'Digital Rewards'}, {u'code': u'LB', u'name': u'LaBoulange'}, {u'code': u'RW', u'name': u'My Starbucks Rewards'}]",Target Knollwood ST-2189,LS,76408-96764,1,1,1,0,1,0,0,0,0,0,0,0,0,0,0,0,0,0
1017723,Saint Louis Park,3601 Highway 100 S,55416,44.937516,-93.346419,[],Target Saint Louis Park T-260,LS,49527-268014,0,0,0,0,0,0,0,0,0,0,0,0,0,0,0,0,0,0
13664,St. Louis Park,3850 Grand Way,55416,44.933702,-93.339989,"[{u'code': u'CL', u'name': u'Starbucks Reserve-Clover Brewed'}, {u'code': u'WA', u'name': u'Oven-warmed Food'}, {u'code': u'VS', u'name': u'Verismo'}, {u'code': u'CD', u'name': u'Mobile Payment'}, {u'code': u'DR', u'name': u'Digital Rewards'}, {u'code': u'LB', u'name': u'LaBoulange'}, {u'code': u'GO', u'name': u'Google Wi-Fi'}, {u'code': u'XO', u'name': u'Mobile Order and Pay'}, {u'code': u'MX', u'name': u'Music Experience'}, {u'code': u'LU', u'name': u'Lunch'}, {u'code': u'PS', u'name': u'Playbook Store System'}, {u'code': u'BE', u'name': u'tbd - Blonde Espresso'}]",Excelsior & Grand-St. Louis Park,CO,2696-63425,1,1,1,0,0,0,0,1,1,1,1,1,1,1,0,1,1,0
1009297,Hutchinson,1370 Highway 15 S,55350,44.868067,-94.378359,"[{u'code': u'BE', u'name': u'tbd - Blonde Espresso'}]",Target - Hutchinson T-1210,LS,23667-232356,0,0,0,0,0,0,0,0,0,0,0,0,1,0,0,0,0,0
